unit_id,timestamp,solar_irradiance_Wm2,temperature_C,panel_voltage_V,panel_current_A,battery_soc_pct
aurion-001,10/1/2025 0:00,0,30.86,36.25,0,0
aurion-001,10/1/2025 1:00,88.39,34.48,36.67,0.52,0
aurion-001,10/1/2025 2:00,0,30.73,34.93,0,0
aurion-001,10/1/2025 3:00,33.61,34.86,35.7,0.2,0
aurion-001,10/1/2025 4:00,0,39.97,34.71,0,0
aurion-001,10/1/2025 5:00,0,33.93,36.19,0,0
aurion-001,10/1/2025 6:00,0,34.21,32.82,0,0
aurion-001,10/1/2025 7:00,0,35.15,35.69,0,0
aurion-001,10/1/2025 8:00,40.54,31.02,34.64,0.24,0
aurion-001,10/1/2025 9:00,1.99,35.48,35.34,0.01,0
aurion-001,10/1/2025 10:00,128.26,38.31,37.02,0.75,0
aurion-001,10/1/2025 11:00,11.41,39.89,34.28,0.07,0
aurion-001,10/1/2025 12:00,195.12,43.4,36.15,1.14,0
aurion-001,10/1/2025 13:00,75.75,37.54,37.07,0.44,0
aurion-001,10/1/2025 14:00,232.76,35.93,37.11,1.36,0
aurion-001,10/1/2025 15:00,253.32,34.93,34.13,1.48,0
aurion-001,10/1/2025 16:00,112.16,35.22,34.67,0.65,0
aurion-001,10/1/2025 17:00,30.71,33.3,35.22,0.18,0
aurion-001,10/1/2025 18:00,300.83,43.18,35.18,1.76,0
aurion-001,10/1/2025 19:00,142.49,36.55,37.3,0.83,0
aurion-001,10/1/2025 20:00,427.07,29.16,36.62,2.49,0
aurion-001,10/1/2025 21:00,276.79,41.87,35.3,1.62,0
aurion-001,10/1/2025 22:00,273.03,36.15,34.77,1.59,0
aurion-001,10/1/2025 23:00,196.01,36.37,35.67,1.14,0
aurion-001,10/2/2025 0:00,233.59,38.02,37.06,1.36,0
aurion-001,10/2/2025 1:00,158.91,31.82,36.38,0.93,0
aurion-001,10/2/2025 2:00,305.11,49.89,34.94,1.78,0
aurion-001,10/2/2025 3:00,173.04,29.13,35.29,1.01,0
aurion-001,10/2/2025 4:00,265.34,40.84,35.19,1.55,0
aurion-001,10/2/2025 5:00,452.49,29.67,36.33,2.64,0
aurion-001,10/2/2025 6:00,198.16,28.07,37.44,1.16,0
aurion-001,10/2/2025 7:00,203.22,44.69,36.7,1.19,0
aurion-001,10/2/2025 8:00,323.17,35.84,36.33,1.89,0
aurion-001,10/2/2025 9:00,425.42,38.81,36.5,2.48,0
aurion-001,10/2/2025 10:00,328.18,42.02,35.66,1.92,0
aurion-001,10/2/2025 11:00,380.08,27.39,36.93,2.22,0
aurion-001,10/2/2025 12:00,327.46,33.55,36.47,1.91,0
aurion-001,10/2/2025 13:00,178.18,48.01,35.83,1.04,0
aurion-001,10/2/2025 14:00,306.14,35.01,35.3,1.79,0
aurion-001,10/2/2025 15:00,372.73,38.7,36.9,2.18,0
aurion-001,10/2/2025 16:00,225.88,22,35.08,1.32,0
aurion-001,10/2/2025 17:00,269.31,43.52,35.59,1.57,0
aurion-001,10/2/2025 18:00,347.74,33.23,35.01,2.03,0
aurion-001,10/2/2025 19:00,384.74,33.28,34.66,2.25,0
aurion-001,10/2/2025 20:00,363.53,30.4,34.89,2.12,0
aurion-001,10/2/2025 21:00,553.71,44.88,34.72,3.23,0
aurion-001,10/2/2025 22:00,448.27,29.68,36.95,2.62,0
aurion-001,10/2/2025 23:00,378.47,35.3,35.7,2.21,0
aurion-001,10/3/2025 0:00,430.77,38.86,36.02,2.51,0
aurion-001,10/3/2025 1:00,324.8,32.7,36.76,1.9,0
aurion-001,10/3/2025 2:00,381.66,33.17,37.19,2.23,0
aurion-001,10/3/2025 3:00,803.29,29.31,36.67,4.69,0
aurion-001,10/3/2025 4:00,378.15,41.73,35.55,2.21,0
aurion-001,10/3/2025 5:00,606.46,33.34,35.49,3.54,0
aurion-001,10/3/2025 6:00,584.55,24.61,37.18,3.41,0
aurion-001,10/3/2025 7:00,478.75,41.8,36.81,2.79,0
aurion-001,10/3/2025 8:00,408.06,28.59,36.01,2.38,0
aurion-001,10/3/2025 9:00,579.66,44.64,36.6,3.38,0
aurion-001,10/3/2025 10:00,690.37,26.25,37.94,4.03,0
aurion-001,10/3/2025 11:00,562.17,35.42,35.72,3.28,0
aurion-001,10/3/2025 12:00,498.24,34.63,36.65,2.91,0
aurion-001,10/3/2025 13:00,455.98,29.4,34.82,2.66,0
aurion-001,10/3/2025 14:00,424.56,29.56,35.41,2.48,0
aurion-001,10/3/2025 15:00,586.58,39.69,35.17,3.42,0
aurion-001,10/3/2025 16:00,399.51,28.49,34.8,2.33,0
aurion-001,10/3/2025 17:00,429.69,38.1,37.88,2.51,0
aurion-001,10/3/2025 18:00,550.99,34.65,36.16,3.22,0
aurion-001,10/3/2025 19:00,504.86,43.44,35.69,2.95,0
aurion-001,10/3/2025 20:00,772.08,41.17,34.52,4.51,0
aurion-001,10/3/2025 21:00,532.44,43.04,36.33,3.11,0
aurion-001,10/3/2025 22:00,425.08,37.43,37.15,2.48,0
aurion-001,10/3/2025 23:00,503.77,35.8,35.65,2.94,0
aurion-001,10/4/2025 0:00,700.15,35.22,35.72,4.09,0
aurion-001,10/4/2025 1:00,545.61,25.53,36.52,3.18,0
aurion-001,10/4/2025 2:00,724.96,35.84,34.64,4.23,0
aurion-001,10/4/2025 3:00,668.53,32.37,35.9,3.9,0
aurion-001,10/4/2025 4:00,544.45,35.38,38.74,3.18,0
aurion-001,10/4/2025 5:00,724.5,27.72,36.39,4.23,0
aurion-001,10/4/2025 6:00,650.18,31.23,35.45,3.79,0
aurion-001,10/4/2025 7:00,513.5,37.25,36.28,3,0
aurion-001,10/4/2025 8:00,582.99,42.13,35.34,3.4,0
aurion-001,10/4/2025 9:00,804.2,27.21,35.65,4.69,0
aurion-001,10/4/2025 10:00,704.98,35.18,36.31,4.11,0
aurion-001,10/4/2025 11:00,694.75,33.73,35.29,4.05,0
aurion-001,10/4/2025 12:00,619.87,34.77,37.23,3.62,0
aurion-001,10/4/2025 13:00,591.44,28.38,36.86,3.45,0
aurion-001,10/4/2025 14:00,732.12,33.92,35.25,4.27,0
aurion-001,10/4/2025 15:00,863.45,27.99,35.65,5.04,0
aurion-001,10/4/2025 16:00,754.97,30.12,36.14,4.41,0
aurion-001,10/4/2025 17:00,616.6,28.11,36.5,3.6,0
aurion-001,10/4/2025 18:00,679.76,38.36,37.01,3.97,0
aurion-001,10/4/2025 19:00,616.22,33.03,35.95,3.6,0
aurion-001,10/4/2025 20:00,807.67,34.12,36.48,4.71,0
aurion-001,10/4/2025 21:00,858.41,32.39,34.58,5.01,0
aurion-001,10/4/2025 22:00,725.33,33.71,34.29,4.23,0
aurion-001,10/4/2025 23:00,787.62,32.96,35.54,4.6,0
aurion-001,10/5/2025 0:00,661.79,38.88,36.74,3.86,0
aurion-001,10/5/2025 1:00,746.36,34.92,36.91,4.36,0
aurion-001,10/5/2025 2:00,745.84,25.57,35,4.35,0
aurion-001,10/5/2025 3:00,716.89,31.79,36.24,4.18,0
aurion-001,10/5/2025 4:00,866.44,42.06,36.56,5.06,0.01
aurion-001,10/5/2025 5:00,692.25,34.21,36.48,4.04,0.01
aurion-001,10/5/2025 6:00,1027.97,43.75,36.03,6,0.01
aurion-001,10/5/2025 7:00,917.35,35.91,35.4,5.35,0.01
aurion-001,10/5/2025 8:00,782.61,41.28,37.03,4.57,0.01
aurion-001,10/5/2025 9:00,839.39,36.21,34.85,4.9,0.01
aurion-001,10/5/2025 10:00,853.56,39.51,35.55,4.98,0.01
aurion-001,10/5/2025 11:00,821.45,31.17,36.38,4.79,0.01
aurion-001,10/5/2025 12:00,827.64,38.15,34.81,4.83,0.01
aurion-001,10/5/2025 13:00,837.01,43.94,37,4.88,0.01
aurion-001,10/5/2025 14:00,914.37,42.72,37.21,5.34,0.01
aurion-001,10/5/2025 15:00,719.47,32.28,36.03,4.2,0.01
aurion-001,10/5/2025 16:00,944.68,36.98,35.52,5.51,0.01
aurion-001,10/5/2025 17:00,911.87,32.41,35.97,5.32,0.01
aurion-001,10/5/2025 18:00,829.4,27.04,36.07,4.84,0.01
aurion-001,10/5/2025 19:00,851.77,32.75,35.59,4.97,0.01
aurion-001,10/5/2025 20:00,944.71,30.36,36.23,5.51,0.01
aurion-001,10/5/2025 21:00,856.07,41.1,37.08,5,0.01
aurion-001,10/5/2025 22:00,863.64,42.14,36.69,5.04,0.01
aurion-001,10/5/2025 23:00,907.42,36.7,35.84,5.3,0.01
aurion-001,10/6/2025 0:00,843.68,42.37,35.93,4.92,0.01
aurion-001,10/6/2025 1:00,939.04,32.46,37.43,5.48,0.01
aurion-001,10/6/2025 2:00,991.27,35.84,33.83,5.78,0.01
aurion-001,10/6/2025 3:00,905.08,36.68,36.14,5.28,0.01
aurion-001,10/6/2025 4:00,825.08,37.77,36.94,4.81,0.01
aurion-001,10/6/2025 5:00,747.48,46.63,35.71,4.36,0.01
aurion-001,10/6/2025 6:00,930.32,29.36,36.67,5.43,0.01
aurion-001,10/6/2025 7:00,809.48,43.28,35.6,4.72,0.01
aurion-001,10/6/2025 8:00,934.66,34.95,36.6,5.45,0.01
aurion-001,10/6/2025 9:00,949.29,40.11,33.85,5.54,0.01
aurion-001,10/6/2025 10:00,1003.31,33.16,35.35,5.86,0.01
aurion-001,10/6/2025 11:00,964.06,32.63,37.08,5.63,0.01
aurion-001,10/6/2025 12:00,859.24,39.82,39.88,5.01,0.01
aurion-001,10/6/2025 13:00,816.91,25.54,35.77,4.77,0.01
aurion-001,10/6/2025 14:00,779.22,33.09,36.67,4.55,0.01
aurion-001,10/6/2025 15:00,1013.19,39.17,35.34,5.91,0.01
aurion-001,10/6/2025 16:00,959.76,34.69,36.39,5.6,0.01
aurion-001,10/6/2025 17:00,780.2,27.07,36.53,4.55,0.01
aurion-001,10/6/2025 18:00,701.42,40.45,36.57,4.09,0.01
aurion-001,10/6/2025 19:00,974.71,25.64,37.58,5.69,0.01
aurion-001,10/6/2025 20:00,936.33,35.7,34.99,5.46,0.01
aurion-001,10/6/2025 21:00,919.14,37.55,38.51,5.36,0.01
aurion-001,10/6/2025 22:00,1191,36.97,35.57,6.95,0.01
aurion-001,10/6/2025 23:00,937.06,30.22,35.93,5.47,0.01
aurion-001,10/7/2025 0:00,923.62,33.71,37.87,5.39,0.01
aurion-001,10/7/2025 1:00,894.95,42.22,35.18,5.22,0.01
aurion-001,10/7/2025 2:00,1094.2,27.91,35.01,6.39,0.01
aurion-001,10/7/2025 3:00,1048.5,29.35,36.77,6.12,0.01
aurion-001,10/7/2025 4:00,1053.36,44.18,38.49,6.15,0.01
aurion-001,10/7/2025 5:00,891.69,38.66,36.05,5.2,0.01
aurion-001,10/7/2025 6:00,974.24,29.13,36.68,5.69,0.01
aurion-001,10/7/2025 7:00,937.49,29.75,36.32,5.47,0.01
aurion-001,10/7/2025 8:00,1035.46,31.45,34.09,6.04,0.01
aurion-001,10/7/2025 9:00,715.24,37.48,34.27,4.17,0.01
aurion-001,10/7/2025 10:00,1144.07,35.73,37.31,6.68,0.01
aurion-001,10/7/2025 11:00,1021.02,32.81,36.16,5.96,0.01
aurion-001,10/7/2025 12:00,1027.71,27.59,35.09,6,0.01
aurion-001,10/7/2025 13:00,995.25,30.21,36.86,5.81,0.01
aurion-001,10/7/2025 14:00,1127.75,31.17,33.76,6.58,0.01
aurion-001,10/7/2025 15:00,1023.4,31.06,35.76,5.97,0.01
aurion-001,10/7/2025 16:00,1044.29,37.27,34.07,6.09,0.01
aurion-001,10/7/2025 17:00,810.33,33.82,35.05,4.73,0.01
aurion-001,10/7/2025 18:00,1066.44,30.53,35.68,6.22,0.01
aurion-001,10/7/2025 19:00,1044.46,37.32,34.16,6.1,0.01
aurion-001,10/7/2025 20:00,1007.2,32.24,36.27,5.88,0.01
aurion-001,10/7/2025 21:00,871.81,33.43,35.71,5.09,0.01
aurion-001,10/7/2025 22:00,987.57,37.33,35.3,5.76,0.01
aurion-001,10/7/2025 23:00,956,32.55,35.88,5.58,0.01
aurion-001,10/8/2025 0:00,955.12,40.22,35.72,5.57,0.01
aurion-001,10/8/2025 1:00,1170.1,42.34,36.37,6.83,0.01
aurion-001,10/8/2025 2:00,871.49,44.66,37.19,5.09,0.01
aurion-001,10/8/2025 3:00,1165.2,37.97,34.82,6.8,0.01
aurion-001,10/8/2025 4:00,807.71,37.92,35.43,4.71,0.01
aurion-001,10/8/2025 5:00,1078.9,26.9,34.96,6.3,0.01
aurion-001,10/8/2025 6:00,989.87,40.53,36.44,5.78,0.01
aurion-001,10/8/2025 7:00,943.47,35.45,37.63,5.51,0.01
aurion-001,10/8/2025 8:00,773.47,39.88,37.6,4.51,0.01
aurion-001,10/8/2025 9:00,945.2,33.57,37.1,5.52,0.01
aurion-001,10/8/2025 10:00,1063.03,33.91,34.95,6.2,0.01
aurion-001,10/8/2025 11:00,1255.38,32.41,36.63,7.33,0.01
aurion-001,10/8/2025 12:00,795.73,26.22,35.43,4.64,0.01
aurion-001,10/8/2025 13:00,1015.54,26.01,35.88,5.93,0.01
aurion-001,10/8/2025 14:00,975.95,33.23,36.3,5.7,0.01
aurion-001,10/8/2025 15:00,1018.57,42.6,36.8,5.94,0.01
aurion-001,10/8/2025 16:00,842.61,32.89,36.81,4.92,0.01
aurion-001,10/8/2025 17:00,1035.27,38.05,36.15,6.04,0.01
aurion-001,10/8/2025 18:00,908.15,38.27,36.86,5.3,0.01
aurion-001,10/8/2025 19:00,1025.07,36.41,36.12,5.98,0.01
aurion-001,10/8/2025 20:00,880.47,34.98,36.12,5.14,0.01
aurion-001,10/8/2025 21:00,1137.57,41.19,36.45,6.64,0.01
aurion-001,10/8/2025 22:00,946.47,35.05,36,5.52,0.01
aurion-001,10/8/2025 23:00,1037.59,37.09,35.31,6.06,0.01
aurion-001,10/9/2025 0:00,1130.02,20.98,35.14,6.59,0.02
aurion-001,10/9/2025 1:00,784.57,41.4,34.78,4.58,0.02
aurion-001,10/9/2025 2:00,1139.58,38.06,34.04,6.65,0.02
aurion-001,10/9/2025 3:00,1044.24,34.55,35.06,6.09,0.02
aurion-001,10/9/2025 4:00,1040.58,34.01,36.39,6.07,0.02
aurion-001,10/9/2025 5:00,993.97,35.92,35.41,5.8,0.02
aurion-001,10/9/2025 6:00,1025.92,37.08,33.46,5.99,0.02
aurion-001,10/9/2025 7:00,994.31,32.42,36.68,5.8,0.02
aurion-001,10/9/2025 8:00,925.92,35.1,34.75,5.4,0.02
aurion-001,10/9/2025 9:00,765.74,33.68,36.61,4.47,0.02
aurion-001,10/9/2025 10:00,905.62,44.28,34.17,5.28,0.02
aurion-001,10/9/2025 11:00,1045.17,28.75,36.79,6.1,0.02
aurion-001,10/9/2025 12:00,942.74,43.3,36.32,5.5,0.02
aurion-001,10/9/2025 13:00,870.87,34.02,36.98,5.08,0.02
aurion-001,10/9/2025 14:00,804.98,37.59,35.62,4.7,0.02
aurion-001,10/9/2025 15:00,845.37,26.4,35.83,4.93,0.02
aurion-001,10/9/2025 16:00,1018.47,40.06,36.24,5.94,0.02
aurion-001,10/9/2025 17:00,830.03,30.88,35.11,4.84,0.02
aurion-001,10/9/2025 18:00,873.63,39.27,35.96,5.1,0.02
aurion-001,10/9/2025 19:00,941.04,41.1,33,5.49,0.02
aurion-001,10/9/2025 20:00,950.21,36.65,35.27,5.55,0.02
aurion-001,10/9/2025 21:00,913.12,38.72,35.85,5.33,0.02
aurion-001,10/9/2025 22:00,934.3,31.98,36.88,5.45,0.02
aurion-001,10/9/2025 23:00,1033.89,31.6,36.35,6.03,0.02
aurion-001,10/10/2025 0:00,1055.4,34.94,37.58,6.16,0.02
aurion-001,10/10/2025 1:00,963.23,36.28,35.73,5.62,0.02
aurion-001,10/10/2025 2:00,1035.68,34.61,36.68,6.04,0.02
aurion-001,10/10/2025 3:00,846.41,37.41,38.47,4.94,0.02
aurion-001,10/10/2025 4:00,1037.68,29.37,37.33,6.06,0.02
aurion-001,10/10/2025 5:00,853,36.38,38,4.98,0.02
aurion-001,10/10/2025 6:00,1091.08,39.48,36.85,6.37,0.02
aurion-001,10/10/2025 7:00,889.52,31.85,38.14,5.19,0.02
aurion-001,10/10/2025 8:00,830.7,30.44,36.02,4.85,0.02
aurion-001,10/10/2025 9:00,788.65,31.23,36.3,4.6,0.02
aurion-001,10/10/2025 10:00,855.76,34.83,37.09,4.99,0.02
aurion-001,10/10/2025 11:00,888.49,29.82,35.12,5.19,0.02
aurion-001,10/10/2025 12:00,932.31,36.1,34.3,5.44,0.02
aurion-001,10/10/2025 13:00,1002.54,37.9,36.84,5.85,0.02
aurion-001,10/10/2025 14:00,796.43,40.12,35.83,4.65,0.02
aurion-001,10/10/2025 15:00,739.86,28.13,36.38,4.32,0.02
aurion-001,10/10/2025 16:00,787.34,40.07,36.11,4.59,0.02
aurion-001,10/10/2025 17:00,788.68,35.13,36.68,4.6,0.02
aurion-001,10/10/2025 18:00,870.39,31.7,36.56,5.08,0.02
aurion-001,10/10/2025 19:00,933.18,29.12,36.23,5.45,0.02
aurion-001,10/10/2025 20:00,907.83,33.36,35.71,5.3,0.02
aurion-001,10/10/2025 21:00,919.9,41.91,37.25,5.37,0.02
aurion-001,10/10/2025 22:00,852.69,26.08,36.57,4.98,0.02
aurion-001,10/10/2025 23:00,874.14,33.57,36.52,5.1,0.02
aurion-001,10/11/2025 0:00,747.86,25.07,37.01,4.36,0.02
aurion-001,10/11/2025 1:00,866.93,38.62,34.21,5.06,0.02
aurion-001,10/11/2025 2:00,884.56,32.57,35.77,5.16,0.02
aurion-001,10/11/2025 3:00,813.82,37.68,34.29,4.75,0.02
aurion-001,10/11/2025 4:00,772.55,35.08,34.5,4.51,0.02
aurion-001,10/11/2025 5:00,922.72,30.45,36.29,5.38,0.02
aurion-001,10/11/2025 6:00,784.24,35.49,35.95,4.58,0.02
aurion-001,10/11/2025 7:00,882.84,33.85,35.61,5.15,0.02
aurion-001,10/11/2025 8:00,747.68,33.88,37.19,4.36,0.02
aurion-001,10/11/2025 9:00,590.61,29.98,36.77,3.45,0.02
aurion-001,10/11/2025 10:00,868.22,36.35,37.14,5.07,0.02
aurion-001,10/11/2025 11:00,824.92,25.16,36.97,4.81,0.02
aurion-001,10/11/2025 12:00,768.2,29.59,37.34,4.48,0.02
aurion-001,10/11/2025 13:00,836.21,29.65,35.1,4.88,0.02
aurion-001,10/11/2025 14:00,990.6,28.63,35,5.78,0.02
aurion-001,10/11/2025 15:00,751.39,35.61,36.17,4.38,0.02
aurion-001,10/11/2025 16:00,694.31,26.16,36.36,4.05,0.02
aurion-001,10/11/2025 17:00,839.92,34.82,35.29,4.9,0.02
aurion-001,10/11/2025 18:00,742.82,30.55,35.85,4.33,0.02
aurion-001,10/11/2025 19:00,737.87,31.95,36.95,4.31,0.02
aurion-001,10/11/2025 20:00,666.37,25.29,35.57,3.89,0.02
aurion-001,10/11/2025 21:00,961.84,40.15,37.22,5.61,0.02
aurion-001,10/11/2025 22:00,585.18,36.94,36.49,3.41,0.02
aurion-001,10/11/2025 23:00,487.55,32.95,36.52,2.85,0.02
aurion-001,10/12/2025 0:00,661.7,36.61,36.23,3.86,0.02
aurion-001,10/12/2025 1:00,604.66,40.01,34.54,3.53,0.02
aurion-001,10/12/2025 2:00,699.82,45.74,36.11,4.08,0.02
aurion-001,10/12/2025 3:00,636.52,37.1,36.52,3.71,0.02
aurion-001,10/12/2025 4:00,453.91,32.58,37.49,2.65,0.02
aurion-001,10/12/2025 5:00,764.46,34.79,34.73,4.46,0.02
aurion-001,10/12/2025 6:00,596.6,30.96,35.63,3.48,0.02
aurion-001,10/12/2025 7:00,599.36,41.19,37.86,3.5,0.02
aurion-001,10/12/2025 8:00,513.12,34.64,36.95,2.99,0.02
aurion-001,10/12/2025 9:00,578.78,33.83,36.63,3.38,0.02
aurion-001,10/12/2025 10:00,845.46,29.54,35.24,4.93,0.02
aurion-001,10/12/2025 11:00,472.32,31.62,37.97,2.76,0.02
aurion-001,10/12/2025 12:00,315.91,28.6,37.72,1.84,0.02
aurion-001,10/12/2025 13:00,621.05,26.29,36.77,3.62,0.02
aurion-001,10/12/2025 14:00,497.95,35.64,36.27,2.91,0.02
aurion-001,10/12/2025 15:00,548.33,28.26,35.19,3.2,0.02
aurion-001,10/12/2025 16:00,442.08,38.33,35.88,2.58,0.02
aurion-001,10/12/2025 17:00,424.35,35.2,35.8,2.48,0.02
aurion-001,10/12/2025 18:00,655.17,38.89,35.19,3.82,0.02
aurion-001,10/12/2025 19:00,636.83,40.64,34.9,3.72,0.02
aurion-001,10/12/2025 20:00,551.4,33.88,35.77,3.22,0.02
aurion-001,10/12/2025 21:00,579.88,33.87,36.41,3.38,0.02
aurion-001,10/12/2025 22:00,470.32,31.91,36.48,2.74,0.02
aurion-001,10/12/2025 23:00,320.13,38.56,37.05,1.87,0.02
aurion-001,10/13/2025 0:00,344.92,28.17,34.65,2.01,0.02
aurion-001,10/13/2025 1:00,553.52,17.43,35.7,3.23,0.02
aurion-001,10/13/2025 2:00,506.91,35.55,36.79,2.96,0.02
aurion-001,10/13/2025 3:00,475.64,44.96,34.61,2.78,0.02
aurion-001,10/13/2025 4:00,460.19,32.63,35.65,2.69,0.02
aurion-001,10/13/2025 5:00,504.14,40.81,35.83,2.94,0.02
aurion-001,10/13/2025 6:00,523.54,36.41,35.37,3.06,0.02
aurion-001,10/13/2025 7:00,439.67,41.53,36.15,2.57,0.02
aurion-001,10/13/2025 8:00,448.95,36.58,36.59,2.62,0.02
aurion-001,10/13/2025 9:00,298.92,51.83,35.28,1.74,0.02
aurion-001,10/13/2025 10:00,415.13,37.37,35.39,2.42,0.02
aurion-001,10/13/2025 11:00,534.3,35.63,35.69,3.12,0.02
aurion-001,10/13/2025 12:00,507.08,30.84,36.73,2.96,0.02
aurion-001,10/13/2025 13:00,408.79,38.71,35.02,2.39,0.02
aurion-001,10/13/2025 14:00,225.62,32.07,38.59,1.32,0.02
aurion-001,10/13/2025 15:00,420.81,25.3,36.05,2.46,0.02
aurion-001,10/13/2025 16:00,499.9,42.18,36.87,2.92,0.02
aurion-001,10/13/2025 17:00,351.05,29.24,34.69,2.05,0.02
aurion-001,10/13/2025 18:00,263.83,47.41,35.61,1.54,0.02
aurion-001,10/13/2025 19:00,341.03,39.95,34.06,1.99,0.02
aurion-001,10/13/2025 20:00,474.32,24.38,34.19,2.77,0.02
aurion-001,10/13/2025 21:00,291.06,30.07,37.53,1.7,0.02
aurion-001,10/13/2025 22:00,324.68,36.22,36.31,1.89,0.02
aurion-001,10/13/2025 23:00,383.55,33.61,35.19,2.24,0.02
aurion-001,10/14/2025 0:00,292.57,30.33,37.14,1.71,0.03
aurion-001,10/14/2025 1:00,186.08,32.59,35.94,1.09,0.03
aurion-001,10/14/2025 2:00,398.25,33.68,36.93,2.32,0.03
aurion-001,10/14/2025 3:00,359.22,20.34,36.1,2.1,0.03
aurion-001,10/14/2025 4:00,312.66,33.55,35.17,1.82,0.03
aurion-001,10/14/2025 5:00,294.53,40.08,36.44,1.72,0.03
aurion-001,10/14/2025 6:00,373.02,36.75,36.83,2.18,0.03
aurion-001,10/14/2025 7:00,421.28,50.2,34.91,2.46,0.03
aurion-001,10/14/2025 8:00,314.96,44,34.71,1.84,0.03
aurion-001,10/14/2025 9:00,355,30.85,38.01,2.07,0.03
aurion-001,10/14/2025 10:00,200.96,33.28,34.48,1.17,0.03
aurion-001,10/14/2025 11:00,46.89,33.71,34.69,0.27,0.03
aurion-001,10/14/2025 12:00,405.39,30.51,34.63,2.37,0.03
aurion-001,10/14/2025 13:00,211.51,30.01,36.18,1.23,0.03
aurion-001,10/14/2025 14:00,168.93,34.94,35.26,0.99,0.03
aurion-001,10/14/2025 15:00,192.7,30.97,36.42,1.12,0.03
aurion-001,10/14/2025 16:00,133.52,31.66,36.01,0.78,0.03
aurion-001,10/14/2025 17:00,84.08,37.59,35.24,0.49,0.03
aurion-001,10/14/2025 18:00,167.88,38.04,35.8,0.98,0.03
aurion-001,10/14/2025 19:00,32.19,27.53,35.16,0.19,0.03
aurion-001,10/14/2025 20:00,162.55,38.65,35.69,0.95,0.03
aurion-001,10/14/2025 21:00,0,34.57,34.86,0,0.03
aurion-001,10/14/2025 22:00,10.81,33.06,37.54,0.06,0.03
aurion-001,10/14/2025 23:00,209.07,34.74,35.28,1.22,0.03
aurion-001,10/15/2025 0:00,53.7,32.99,36.55,0.31,0.03
aurion-001,10/15/2025 1:00,174.83,33.63,37.61,1.02,0.03
aurion-001,10/15/2025 2:00,148.29,36.84,36,0.87,0.03
aurion-001,10/15/2025 3:00,98.07,32.82,36.18,0.57,0.03
aurion-001,10/15/2025 4:00,79.15,35.95,36.41,0.46,0.03
aurion-001,10/15/2025 5:00,20.99,37.27,35.31,0.12,0.03
aurion-001,10/15/2025 6:00,55.73,37.22,37.5,0.33,0.03
aurion-001,10/15/2025 7:00,0,36.74,36.25,0,0.03
aurion-001,10/15/2025 8:00,45.65,29.68,36.89,0.27,0.03
aurion-001,10/15/2025 9:00,0,31.52,34.46,0,0.03
aurion-001,10/15/2025 10:00,0,32.74,34.98,0,0.03
aurion-001,10/15/2025 11:00,0,35.29,35.09,0,0.03
aurion-001,10/15/2025 12:00,22.13,33.45,34.69,0.13,0.03
aurion-001,10/15/2025 13:00,123.53,36.58,36.2,0.72,0.03
aurion-001,10/15/2025 14:00,0,36.34,35.87,0,0.03
aurion-001,10/15/2025 15:00,0,44.74,35.36,0,0.03
aurion-001,10/15/2025 16:00,0,32.24,34.65,0,0.03
aurion-001,10/15/2025 17:00,87.39,36.4,34.2,0.51,0.03
aurion-001,10/15/2025 18:00,0,32.55,35.4,0,0.03
aurion-001,10/15/2025 19:00,0,42.44,37.82,0,0.03
aurion-001,10/15/2025 20:00,0,33.38,36.49,0,0.03
aurion-001,10/15/2025 21:00,0,26.8,33.86,0,0.03
aurion-001,10/15/2025 22:00,0,27.36,37.1,0,0.03
aurion-001,10/15/2025 23:00,0,35.49,36.77,0,0.03
aurion-001,10/16/2025 0:00,225.48,40.06,35.23,1.32,0.03
aurion-001,10/16/2025 1:00,48.16,41.39,37.76,0.28,0.03
aurion-001,10/16/2025 2:00,0,35.06,36.75,0,0.03
aurion-001,10/16/2025 3:00,0,33.8,36.24,0,0.03
aurion-001,10/16/2025 4:00,0,34.41,35.84,0,0.03
aurion-001,10/16/2025 5:00,0,44.82,34.73,0,0.03
aurion-001,10/16/2025 6:00,5.43,30.87,36.27,0.03,0.03
aurion-001,10/16/2025 7:00,0,39.79,35.44,0,0.03
aurion-001,10/16/2025 8:00,23.28,41.74,37.82,0.14,0.03
aurion-001,10/16/2025 9:00,0,28.34,36.18,0,0.03
aurion-001,10/16/2025 10:00,0,34.09,35.38,0,0.03
aurion-001,10/16/2025 11:00,0,28.4,34.5,0,0.03
aurion-001,10/16/2025 12:00,0,30.92,36.16,0,0.03
aurion-001,10/16/2025 13:00,0,34.15,34.78,0,0.03
aurion-001,10/16/2025 14:00,0,32.86,35.58,0,0.03
aurion-001,10/16/2025 15:00,0,29.56,35.78,0,0.03
aurion-001,10/16/2025 16:00,0,32.42,34.82,0,0.03
aurion-001,10/16/2025 17:00,0,29.8,34.95,0,0.03
aurion-001,10/16/2025 18:00,0,39.55,35.41,0,0.03
aurion-001,10/16/2025 19:00,0,35.77,36.49,0,0.03
aurion-001,10/16/2025 20:00,0,35.85,36.07,0,0.03
aurion-001,10/16/2025 21:00,0,35.28,36.29,0,0.03
aurion-001,10/16/2025 22:00,0,36.73,35.56,0,0.03
aurion-001,10/16/2025 23:00,0,38.04,34.42,0,0.03
aurion-001,10/17/2025 0:00,0,28.49,38.36,0,0.03
aurion-001,10/17/2025 1:00,0,33.01,35.05,0,0.03
aurion-001,10/17/2025 2:00,0,39.44,35.19,0,0.03
aurion-001,10/17/2025 3:00,0,30.97,35.89,0,0.03
aurion-001,10/17/2025 4:00,0,28.75,36.14,0,0.03
aurion-001,10/17/2025 5:00,0,41.27,35.01,0,0.03
aurion-001,10/17/2025 6:00,0,31.42,36.93,0,0.03
aurion-001,10/17/2025 7:00,0,34.38,36.15,0,0.03
aurion-001,10/17/2025 8:00,0,31.36,34.41,0,0.03
aurion-001,10/17/2025 9:00,0,29.31,36.34,0,0.03
aurion-001,10/17/2025 10:00,0,35.29,35.68,0,0.03
aurion-001,10/17/2025 11:00,0,31.65,35.33,0,0.03
aurion-001,10/17/2025 12:00,0,37.29,36.17,0,0.03
aurion-001,10/17/2025 13:00,0,38.45,37.3,0,0.03
aurion-001,10/17/2025 14:00,0,33.56,36.53,0,0.03
aurion-001,10/17/2025 15:00,0,32.57,36.31,0,0.03
aurion-001,10/17/2025 16:00,0,39.44,35.47,0,0.03
aurion-001,10/17/2025 17:00,0,34.77,36.32,0,0.03
aurion-001,10/17/2025 18:00,0,33.17,37.35,0,0.03
aurion-001,10/17/2025 19:00,0,33.48,36.52,0,0.03
aurion-001,10/17/2025 20:00,0,37.74,36.04,0,0.03
aurion-001,10/17/2025 21:00,0,39.59,35.67,0,0.03
aurion-001,10/17/2025 22:00,0,33.37,34.51,0,0.03
aurion-001,10/17/2025 23:00,0,40.23,35.83,0,0.03
aurion-001,10/18/2025 0:00,0,34.21,36.79,0,0.03
aurion-001,10/18/2025 1:00,0,32.75,35.71,0,0.03
aurion-001,10/18/2025 2:00,0,33.15,34.43,0,0.03
aurion-001,10/18/2025 3:00,0,40.21,36.05,0,0.03
aurion-001,10/18/2025 4:00,0,30.62,36.06,0,0.03
aurion-001,10/18/2025 5:00,0,40.05,37.58,0,0.03
aurion-001,10/18/2025 6:00,0,34.95,35.16,0,0.03
aurion-001,10/18/2025 7:00,0,36.58,35.34,0,0.03
aurion-001,10/18/2025 8:00,0,40.2,36,0,0.03
aurion-001,10/18/2025 9:00,0,32.51,34.9,0,0.03
aurion-001,10/18/2025 10:00,0,28.22,35.81,0,0.03
aurion-001,10/18/2025 11:00,0,29.62,37.68,0,0.03
aurion-001,10/18/2025 12:00,0,38.74,37.46,0,0.03
aurion-001,10/18/2025 13:00,0,45.93,37.16,0,0.03
aurion-001,10/18/2025 14:00,0,42.34,36.78,0,0.03
aurion-001,10/18/2025 15:00,0,30.16,35.35,0,0.03
aurion-001,10/18/2025 16:00,0,41.07,35.61,0,0.03
aurion-001,10/18/2025 17:00,0,34.58,36.94,0,0.03
aurion-001,10/18/2025 18:00,0,35.79,36.2,0,0.03
aurion-001,10/18/2025 19:00,0,31.01,37.46,0,0.03
aurion-001,10/18/2025 20:00,0,31.03,35.05,0,0.03
aurion-001,10/18/2025 21:00,0,26.88,38.21,0,0.03
aurion-001,10/18/2025 22:00,0,33,34.6,0,0.03
aurion-001,10/18/2025 23:00,0,38.15,36.26,0,0.03
aurion-001,10/19/2025 0:00,0,34.55,34.69,0,0.03
aurion-001,10/19/2025 1:00,0,43.47,37.1,0,0.03
aurion-001,10/19/2025 2:00,0,39.26,36.64,0,0.03
aurion-001,10/19/2025 3:00,0,33.83,35.97,0,0.03
aurion-001,10/19/2025 4:00,0,35.3,35.39,0,0.03
aurion-001,10/19/2025 5:00,0,40.88,35.55,0,0.03
aurion-001,10/19/2025 6:00,0,32.21,35.42,0,0.03
aurion-001,10/19/2025 7:00,0,38.22,33.69,0,0.03
aurion-001,10/19/2025 8:00,0,18.83,35.66,0,0.03
aurion-001,10/19/2025 9:00,0,28.03,35.06,0,0.03
aurion-001,10/19/2025 10:00,0,34.57,34,0,0.03
aurion-001,10/19/2025 11:00,0,38.42,36.29,0,0.03
aurion-001,10/19/2025 12:00,0,29.45,36,0,0.03
aurion-001,10/19/2025 13:00,0,34.55,36.84,0,0.03
aurion-001,10/19/2025 14:00,0,36.4,35.26,0,0.03
aurion-001,10/19/2025 15:00,0,35.61,35.6,0,0.03
aurion-001,10/19/2025 16:00,0,30.68,35.32,0,0.03
aurion-001,10/19/2025 17:00,0,31.01,35.31,0,0.03
aurion-001,10/19/2025 18:00,0,42.74,34.44,0,0.03
aurion-001,10/19/2025 19:00,0,34.83,36.98,0,0.03
aurion-001,10/19/2025 20:00,0,34.56,35.39,0,0.03
aurion-001,10/19/2025 21:00,0,32.88,37.54,0,0.03
aurion-001,10/19/2025 22:00,0,28.43,37.72,0,0.03
aurion-001,10/19/2025 23:00,0,28.78,34.94,0,0.03
aurion-001,10/20/2025 0:00,0,45.5,36.94,0,0.03
aurion-001,10/20/2025 1:00,0,29.89,36.12,0,0.03
aurion-001,10/20/2025 2:00,0,24.72,35.62,0,0.03
aurion-001,10/20/2025 3:00,0,32.91,36.2,0,0.03
aurion-001,10/20/2025 4:00,0,29.64,36.03,0,0.03
aurion-001,10/20/2025 5:00,0,25.85,37.25,0,0.03
aurion-001,10/20/2025 6:00,0,33.92,36.42,0,0.03
aurion-001,10/20/2025 7:00,0,32.15,35.76,0,0.03
aurion-001,10/20/2025 8:00,0,41.74,34.73,0,0.03
aurion-001,10/20/2025 9:00,0,35.51,36.24,0,0.03
aurion-001,10/20/2025 10:00,0,33.62,35.63,0,0.03
aurion-001,10/20/2025 11:00,0,23.15,35.24,0,0.03
aurion-001,10/20/2025 12:00,0,27.9,36.59,0,0.03
aurion-001,10/20/2025 13:00,0,30.73,35.89,0,0.03
aurion-001,10/20/2025 14:00,0,36.02,36.68,0,0.03
aurion-001,10/20/2025 15:00,0,34.14,35.87,0,0.03
aurion-001,10/20/2025 16:00,0,31.44,34.73,0,0.03
aurion-001,10/20/2025 17:00,0,30.65,35.07,0,0.03
aurion-001,10/20/2025 18:00,0,43.9,35.06,0,0.03
aurion-001,10/20/2025 19:00,0,33.76,36.52,0,0.03
aurion-001,10/20/2025 20:00,0,39.07,34.66,0,0.03
aurion-001,10/20/2025 21:00,0,44.08,36.33,0,0.03
aurion-001,10/20/2025 22:00,0,26.19,35.27,0,0.03
aurion-001,10/20/2025 23:00,0,38.49,34.73,0,0.03
aurion-001,10/21/2025 0:00,0,41.79,36.95,0,0.03
aurion-001,10/21/2025 1:00,0,33.34,36.65,0,0.03
aurion-001,10/21/2025 2:00,0,30.32,37.06,0,0.03
aurion-001,10/21/2025 3:00,0,37.47,36.27,0,0.03
aurion-001,10/21/2025 4:00,0,33.35,35.9,0,0.03
aurion-001,10/21/2025 5:00,0,31.11,36.9,0,0.03
aurion-001,10/21/2025 6:00,0,26.59,35.08,0,0.03
aurion-001,10/21/2025 7:00,0,41.39,36.21,0,0.03
aurion-001,10/21/2025 8:00,0,42.22,36.4,0,0.03
aurion-001,10/21/2025 9:00,0,36.58,35.86,0,0.03
aurion-001,10/21/2025 10:00,0,34.78,35.1,0,0.03
aurion-001,10/21/2025 11:00,0,38.92,34.21,0,0.03
aurion-001,10/21/2025 12:00,0,32.86,37.42,0,0.03
aurion-001,10/21/2025 13:00,0,25.82,36.41,0,0.03
aurion-001,10/21/2025 14:00,0,26.2,34.66,0,0.03
aurion-001,10/21/2025 15:00,0,26.98,34.69,0,0.03
aurion-001,10/21/2025 16:00,0,30.37,36.23,0,0.03
aurion-001,10/21/2025 17:00,0,35.94,35.29,0,0.03
aurion-001,10/21/2025 18:00,0,35.95,35.8,0,0.03
aurion-001,10/21/2025 19:00,0,32.52,36.16,0,0.03
aurion-001,10/21/2025 20:00,0,36.71,35.32,0,0.03
aurion-001,10/21/2025 21:00,0,33.59,34.6,0,0.03
aurion-001,10/21/2025 22:00,0,35.05,38.43,0,0.03
aurion-001,10/21/2025 23:00,0,29.38,37.08,0,0.03
aurion-001,10/22/2025 0:00,0,31.72,35.37,0,0.03
aurion-001,10/22/2025 1:00,0,37.43,34.31,0,0.03
aurion-001,10/22/2025 2:00,0,28.7,36.68,0,0.03
aurion-001,10/22/2025 3:00,0,43.02,36.97,0,0.03
aurion-001,10/22/2025 4:00,0,32.99,37.14,0,0.03
aurion-001,10/22/2025 5:00,0,28.74,35.4,0,0.03
aurion-001,10/22/2025 6:00,0,31.91,35.46,0,0.03
aurion-001,10/22/2025 7:00,0,41.54,35.73,0,0.03
aurion-001,10/22/2025 8:00,0,38.71,37.63,0,0.03
aurion-001,10/22/2025 9:00,0,32.18,36.86,0,0.03
aurion-001,10/22/2025 10:00,0,35.37,35.81,0,0.03
aurion-001,10/22/2025 11:00,0,46.54,35.87,0,0.03
aurion-001,10/22/2025 12:00,0,34.16,34.06,0,0.03
aurion-001,10/22/2025 13:00,0,36.81,36.92,0,0.03
aurion-001,10/22/2025 14:00,0,34.37,35.06,0,0.03
aurion-001,10/22/2025 15:00,0,28.91,36.06,0,0.03
aurion-001,10/22/2025 16:00,0,31.75,35.33,0,0.03
aurion-001,10/22/2025 17:00,0,37.11,35.75,0,0.03
aurion-001,10/22/2025 18:00,0,23.69,34.42,0,0.03
aurion-001,10/22/2025 19:00,0,33.3,35.36,0,0.03
aurion-001,10/22/2025 20:00,0,37.71,37.33,0,0.03
aurion-001,10/22/2025 21:00,0,40.62,34.56,0,0.03
aurion-001,10/22/2025 22:00,0,26.18,35.56,0,0.03
aurion-001,10/22/2025 23:00,0,36.3,36.48,0,0.03
aurion-001,10/23/2025 0:00,0,27.53,35.18,0,0.03
aurion-001,10/23/2025 1:00,0,35.19,36.03,0,0.03
aurion-001,10/23/2025 2:00,0,29.77,35.29,0,0.03
aurion-001,10/23/2025 3:00,0,35.11,37.14,0,0.03
aurion-001,10/23/2025 4:00,0,33.39,36.11,0,0.03
aurion-001,10/23/2025 5:00,0,35.54,36.5,0,0.03
aurion-001,10/23/2025 6:00,0,40.04,35.45,0,0.03
aurion-001,10/23/2025 7:00,0,36.4,36.18,0,0.03
aurion-001,10/23/2025 8:00,0,42.63,35.7,0,0.03
aurion-001,10/23/2025 9:00,0,36.86,35.32,0,0.03
aurion-001,10/23/2025 10:00,0,36.95,36.6,0,0.03
aurion-001,10/23/2025 11:00,0,40.16,36.99,0,0.03
aurion-001,10/23/2025 12:00,0,28.22,35.76,0,0.03
aurion-001,10/23/2025 13:00,0,38,35.05,0,0.03
aurion-001,10/23/2025 14:00,0,35.65,36.25,0,0.03
aurion-001,10/23/2025 15:00,0,31.44,33.61,0,0.03
aurion-001,10/23/2025 16:00,0,29.27,36.34,0,0.03
aurion-001,10/23/2025 17:00,0,35.65,34.46,0,0.03
aurion-001,10/23/2025 18:00,0,38.19,36.33,0,0.03
aurion-001,10/23/2025 19:00,0,47.19,34.02,0,0.03
aurion-001,10/23/2025 20:00,0,32.79,35.79,0,0.03
aurion-001,10/23/2025 21:00,0,30.36,35.52,0,0.03
aurion-001,10/23/2025 22:00,0,30.7,38.27,0,0.03
aurion-001,10/23/2025 23:00,0,32.68,33.74,0,0.03
aurion-001,10/24/2025 0:00,0,32.15,35.63,0,0.03
aurion-001,10/24/2025 1:00,0,30.79,35.56,0,0.03
aurion-001,10/24/2025 2:00,0,39.43,35.74,0,0.03
aurion-001,10/24/2025 3:00,0,29.13,36.68,0,0.03
aurion-001,10/24/2025 4:00,0,36.68,36.2,0,0.03
aurion-001,10/24/2025 5:00,0,35.39,35.76,0,0.03
aurion-001,10/24/2025 6:00,0,41.5,35.62,0,0.03
aurion-001,10/24/2025 7:00,0,36.49,36.17,0,0.03
aurion-001,10/24/2025 8:00,0,34.59,38.03,0,0.03
aurion-001,10/24/2025 9:00,0,31.14,35.18,0,0.03
aurion-001,10/24/2025 10:00,0,38.02,33.66,0,0.03
aurion-001,10/24/2025 11:00,0,38.17,37.57,0,0.03
aurion-001,10/24/2025 12:00,0,28.85,36.54,0,0.03
aurion-001,10/24/2025 13:00,0,26.79,36.61,0,0.03
aurion-001,10/24/2025 14:00,0,34.22,36.76,0,0.03
aurion-001,10/24/2025 15:00,0,41.09,36.16,0,0.03
aurion-001,10/24/2025 16:00,0,35.22,36.49,0,0.03
aurion-001,10/24/2025 17:00,0,29.02,36.06,0,0.03
aurion-001,10/24/2025 18:00,0,34.18,36.2,0,0.03
aurion-001,10/24/2025 19:00,0,33.31,35.23,0,0.03
aurion-001,10/24/2025 20:00,0,38.95,35.88,0,0.03
aurion-001,10/24/2025 21:00,0,31.36,37.55,0,0.03
aurion-001,10/24/2025 22:00,0,35.2,37.82,0,0.03
aurion-001,10/24/2025 23:00,0,40.67,35.83,0,0.03
aurion-001,10/25/2025 0:00,0,32.39,36.91,0,0.03
aurion-001,10/25/2025 1:00,0,34.24,36.16,0,0.03
aurion-001,10/25/2025 2:00,0,30.92,35.38,0,0.03
aurion-001,10/25/2025 3:00,0,28.69,36.45,0,0.03
aurion-001,10/25/2025 4:00,0,38.5,34.88,0,0.03
aurion-001,10/25/2025 5:00,0,45.41,36.07,0,0.03
aurion-001,10/25/2025 6:00,0,41.85,35.58,0,0.03
aurion-001,10/25/2025 7:00,0,24.05,35.29,0,0.03
aurion-001,10/25/2025 8:00,0,32.64,37.21,0,0.03
aurion-001,10/25/2025 9:00,0,40.03,36.14,0,0.03
aurion-001,10/25/2025 10:00,0,36.9,36.55,0,0.03
aurion-001,10/25/2025 11:00,0,30,34.69,0,0.03
aurion-001,10/25/2025 12:00,0,30.42,36.22,0,0.03
aurion-001,10/25/2025 13:00,0,33.38,35.05,0,0.03
aurion-001,10/25/2025 14:00,0,34.37,36.95,0,0.03
aurion-001,10/25/2025 15:00,0,37.1,36.64,0,0.03
aurion-001,10/25/2025 16:00,0,39.33,38.57,0,0.03
aurion-001,10/25/2025 17:00,0,40.72,34.49,0,0.03
aurion-001,10/25/2025 18:00,0,37.01,37.07,0,0.03
aurion-001,10/25/2025 19:00,0,34.75,35,0,0.03
aurion-001,10/25/2025 20:00,0,30,35.75,0,0.03
aurion-001,10/25/2025 21:00,0,35.99,35.67,0,0.03
aurion-001,10/25/2025 22:00,0,33.17,34.98,0,0.03
aurion-001,10/25/2025 23:00,0,24.44,35.99,0,0.03
aurion-001,10/26/2025 0:00,0,33.03,35.62,0,0.03
aurion-001,10/26/2025 1:00,0,30.2,37.94,0,0.03
aurion-001,10/26/2025 2:00,0,31.99,35.37,0,0.03
aurion-001,10/26/2025 3:00,0,36.03,37.12,0,0.03
aurion-001,10/26/2025 4:00,0,34.78,35.65,0,0.03
aurion-001,10/26/2025 5:00,0,33.87,36.11,0,0.03
aurion-001,10/26/2025 6:00,0,50.86,36.17,0,0.03
aurion-001,10/26/2025 7:00,0,42.09,35.52,0,0.03
aurion-001,10/26/2025 8:00,0,38.12,35.18,0,0.03
aurion-001,10/26/2025 9:00,0,36.53,36.38,0,0.03
aurion-001,10/26/2025 10:00,0,35.63,34.48,0,0.03
aurion-001,10/26/2025 11:00,0,34.92,33.99,0,0.03
aurion-001,10/26/2025 12:00,0,32.87,36.75,0,0.03
aurion-001,10/26/2025 13:00,0,25.7,34.32,0,0.03
aurion-001,10/26/2025 14:00,0,34.01,35.98,0,0.03
aurion-001,10/26/2025 15:00,0,33.26,36.11,0,0.03
aurion-001,10/26/2025 16:00,0,38.02,36.05,0,0.03
aurion-001,10/26/2025 17:00,0,32.22,36.16,0,0.03
aurion-001,10/26/2025 18:00,0,31.55,37.48,0,0.03
aurion-001,10/26/2025 19:00,0,33.34,36.42,0,0.03
aurion-001,10/26/2025 20:00,0,26.08,34.26,0,0.03
aurion-001,10/26/2025 21:00,0,35.76,36.4,0,0.03
aurion-001,10/26/2025 22:00,0,30.15,36.28,0,0.03
aurion-001,10/26/2025 23:00,0,29.86,36.92,0,0.03
aurion-001,10/27/2025 0:00,0,31.84,34.63,0,0.03
aurion-001,10/27/2025 1:00,0,33.55,35.99,0,0.03
aurion-001,10/27/2025 2:00,0,31,34.76,0,0.03
aurion-001,10/27/2025 3:00,0,42.36,36.06,0,0.03
aurion-001,10/27/2025 4:00,0,28.65,37.18,0,0.03
aurion-001,10/27/2025 5:00,0,28.7,35.86,0,0.03
aurion-001,10/27/2025 6:00,0,33.7,37.57,0,0.03
aurion-001,10/27/2025 7:00,0,34.05,36.29,0,0.03
aurion-001,10/27/2025 8:00,0,45.3,36.03,0,0.03
aurion-001,10/27/2025 9:00,0,32.36,36.72,0,0.03
aurion-001,10/27/2025 10:00,0,31.8,34.58,0,0.03
aurion-001,10/27/2025 11:00,0,31.29,37.21,0,0.03
aurion-001,10/27/2025 12:00,0,30.88,35.75,0,0.03
aurion-001,10/27/2025 13:00,0,37.98,37.32,0,0.03
aurion-001,10/27/2025 14:00,0,37.17,34.87,0,0.03
aurion-001,10/27/2025 15:00,0,37.39,36.93,0,0.03
aurion-001,10/27/2025 16:00,0,28.28,35.14,0,0.03
aurion-001,10/27/2025 17:00,0,27.66,35.44,0,0.03
aurion-001,10/27/2025 18:00,0,38.71,35.74,0,0.03
aurion-001,10/27/2025 19:00,0,33.87,36.62,0,0.03
aurion-001,10/27/2025 20:00,0,32.8,33.65,0,0.03
aurion-001,10/27/2025 21:00,0,43.77,36.78,0,0.03
aurion-001,10/27/2025 22:00,0,24.31,36.13,0,0.03
aurion-001,10/27/2025 23:00,0,40.51,35.6,0,0.03
aurion-001,10/28/2025 0:00,0,33.33,35.58,0,0.03
aurion-001,10/28/2025 1:00,0,33.9,34.96,0,0.03
aurion-001,10/28/2025 2:00,0,26.1,37.5,0,0.03
aurion-001,10/28/2025 3:00,0,33.17,35.38,0,0.03
aurion-001,10/28/2025 4:00,0,33.3,36.38,0,0.03
aurion-001,10/28/2025 5:00,0,28.23,35.5,0,0.03
aurion-001,10/28/2025 6:00,0,31.47,36.3,0,0.03
aurion-001,10/28/2025 7:00,0,33.27,34.34,0,0.03
aurion-001,10/28/2025 8:00,0,31.53,35.68,0,0.03
aurion-001,10/28/2025 9:00,0,31.33,35.47,0,0.03
aurion-001,10/28/2025 10:00,0,32.79,36.42,0,0.03
aurion-001,10/28/2025 11:00,0,23.25,36.04,0,0.03
aurion-001,10/28/2025 12:00,0,25.64,36.16,0,0.03
aurion-001,10/28/2025 13:00,0,45.64,35.23,0,0.03
aurion-001,10/28/2025 14:00,0,30.84,34.98,0,0.03
aurion-001,10/28/2025 15:00,0,41.27,35.19,0,0.03
aurion-001,10/28/2025 16:00,0,32.97,34.75,0,0.03
aurion-001,10/28/2025 17:00,0,34.32,35.93,0,0.03
aurion-001,10/28/2025 18:00,0,35.63,36.48,0,0.03
aurion-001,10/28/2025 19:00,0,26.07,35.85,0,0.03
aurion-001,10/28/2025 20:00,0,43.7,36.98,0,0.03
aurion-001,10/28/2025 21:00,0,41.02,32.86,0,0.03
aurion-001,10/28/2025 22:00,0,37.96,35.78,0,0.03
aurion-001,10/28/2025 23:00,0,38.21,36.87,0,0.03
aurion-001,10/29/2025 0:00,0,32.78,34.91,0,0.03
aurion-001,10/29/2025 1:00,0,35.03,35.99,0,0.03
aurion-001,10/29/2025 2:00,0,40.23,35.58,0,0.03
aurion-001,10/29/2025 3:00,0,35.85,36.35,0,0.03
aurion-001,10/29/2025 4:00,0,44.19,36.72,0,0.03
aurion-001,10/29/2025 5:00,0,39.4,36.13,0,0.03
aurion-001,10/29/2025 6:00,0,34.1,35.9,0,0.03
aurion-001,10/29/2025 7:00,0,35.2,35.68,0,0.03
aurion-001,10/29/2025 8:00,0,31.56,35.29,0,0.03
aurion-001,10/29/2025 9:00,48.13,28.47,34.84,0.28,0.03
aurion-001,10/29/2025 10:00,0,44.91,35.27,0,0.03
aurion-001,10/29/2025 11:00,0,30.7,35.25,0,0.03
aurion-001,10/29/2025 12:00,35.98,30.61,36.56,0.21,0.03
aurion-001,10/29/2025 13:00,0,35.64,36.69,0,0.03
aurion-001,10/29/2025 14:00,0,36.15,36.72,0,0.03
aurion-001,10/29/2025 15:00,0,35.05,36.46,0,0.03
aurion-001,10/29/2025 16:00,23.37,27.77,35.56,0.14,0.03
aurion-001,10/29/2025 17:00,81.8,34.54,36.57,0.48,0.03
aurion-001,10/29/2025 18:00,12.38,39.71,35.16,0.07,0.03
aurion-001,10/29/2025 19:00,62.37,29.88,35.38,0.36,0.03
aurion-001,10/29/2025 20:00,95.03,41.74,35.71,0.55,0.03
aurion-001,10/29/2025 21:00,0,40.68,34.37,0,0.03
aurion-001,10/29/2025 22:00,0,44.48,36.75,0,0.03
aurion-001,10/29/2025 23:00,0,33.16,35.88,0,0.03
aurion-001,10/30/2025 0:00,0,37.82,36.87,0,0.03
aurion-002,10/1/2025 0:00,0,27.66,36.21,0,0
aurion-002,10/1/2025 1:00,82.4,33.81,33.9,0.6,0
aurion-002,10/1/2025 2:00,0,34.35,35.41,0,0
aurion-002,10/1/2025 3:00,0,43.61,34.7,0,0
aurion-002,10/1/2025 4:00,0,38.77,35.29,0,0
aurion-002,10/1/2025 5:00,116.8,33.17,35.48,0.85,0
aurion-002,10/1/2025 6:00,222.96,29.69,35.25,1.62,0
aurion-002,10/1/2025 7:00,0,46.83,38.14,0,0
aurion-002,10/1/2025 8:00,7.37,30.77,35.67,0.05,0
aurion-002,10/1/2025 9:00,126.56,27.11,37.12,0.92,0
aurion-002,10/1/2025 10:00,63.96,39.56,37.23,0.46,0
aurion-002,10/1/2025 11:00,0,35.47,36.5,0,0
aurion-002,10/1/2025 12:00,126.39,45.16,36.43,0.92,0
aurion-002,10/1/2025 13:00,324.45,42.28,37.4,2.35,0
aurion-002,10/1/2025 14:00,159.84,40.65,36.49,1.16,0
aurion-002,10/1/2025 15:00,0,31.36,35.74,0,0
aurion-002,10/1/2025 16:00,181.14,39.29,35.08,1.31,0
aurion-002,10/1/2025 17:00,76.7,33.54,36.43,0.56,0
aurion-002,10/1/2025 18:00,221.08,46.26,35.72,1.6,0
aurion-002,10/1/2025 19:00,260.09,41.26,35.96,1.89,0
aurion-002,10/1/2025 20:00,308.82,32.83,36.6,2.24,0
aurion-002,10/1/2025 21:00,98.92,30.4,36.38,0.72,0
aurion-002,10/1/2025 22:00,97.56,42.98,35.92,0.71,0
aurion-002,10/1/2025 23:00,261.39,31.43,37.1,1.9,0
aurion-002,10/2/2025 0:00,294.31,35.14,34.06,2.14,0
aurion-002,10/2/2025 1:00,144.04,34.05,35.13,1.05,0
aurion-002,10/2/2025 2:00,211.36,30.53,34.79,1.53,0
aurion-002,10/2/2025 3:00,148.62,30.73,36.1,1.08,0
aurion-002,10/2/2025 4:00,283.42,50.67,36.68,2.06,0
aurion-002,10/2/2025 5:00,436.52,27.29,36.02,3.17,0
aurion-002,10/2/2025 6:00,268.61,35.73,35.14,1.95,0
aurion-002,10/2/2025 7:00,386.25,34.54,36.99,2.8,0
aurion-002,10/2/2025 8:00,142.22,41.76,34.27,1.03,0
aurion-002,10/2/2025 9:00,498.33,35.96,32.72,3.62,0
aurion-002,10/2/2025 10:00,458.5,36.69,36.62,3.33,0
aurion-002,10/2/2025 11:00,349.27,29.76,36.25,2.53,0
aurion-002,10/2/2025 12:00,371.07,45.09,36.08,2.69,0
aurion-002,10/2/2025 13:00,342.72,41.55,34.82,2.49,0
aurion-002,10/2/2025 14:00,476.62,38.6,36.09,3.46,0
aurion-002,10/2/2025 15:00,373.38,35.47,35.4,2.71,0
aurion-002,10/2/2025 16:00,169.28,27.46,37.24,1.23,0
aurion-002,10/2/2025 17:00,198,29.11,35.9,1.44,0
aurion-002,10/2/2025 18:00,286.46,33.73,36.25,2.08,0
aurion-002,10/2/2025 19:00,409.47,30.81,36.26,2.97,0
aurion-002,10/2/2025 20:00,413.84,24.16,35.35,3,0
aurion-002,10/2/2025 21:00,489.44,30.04,36.07,3.55,0
aurion-002,10/2/2025 22:00,392.61,38.43,35.32,2.85,0
aurion-002,10/2/2025 23:00,305.93,45.68,34.67,2.22,0
aurion-002,10/3/2025 0:00,388.68,29.44,35.19,2.82,0
aurion-002,10/3/2025 1:00,337.74,34.17,34.84,2.45,0
aurion-002,10/3/2025 2:00,712.54,32.83,35.96,5.17,0
aurion-002,10/3/2025 3:00,581.73,24.8,35.58,4.22,0
aurion-002,10/3/2025 4:00,386.08,28.49,36.11,2.8,0
aurion-002,10/3/2025 5:00,436.39,36.76,37.84,3.17,0
aurion-002,10/3/2025 6:00,616.4,34.13,36.18,4.47,0
aurion-002,10/3/2025 7:00,541.17,36.56,35.93,3.93,0
aurion-002,10/3/2025 8:00,451.8,35.27,36.68,3.28,0
aurion-002,10/3/2025 9:00,542.38,26.43,35.82,3.94,0
aurion-002,10/3/2025 10:00,436.16,35.93,36.43,3.17,0
aurion-002,10/3/2025 11:00,346.11,45.51,35.48,2.51,0
aurion-002,10/3/2025 12:00,626.01,42.29,34.29,4.54,0
aurion-002,10/3/2025 13:00,299.3,36.06,35.78,2.17,0
aurion-002,10/3/2025 14:00,555.53,29.18,37.77,4.03,0
aurion-002,10/3/2025 15:00,414.81,27.62,36.47,3.01,0
aurion-002,10/3/2025 16:00,472.25,39.37,33.82,3.43,0
aurion-002,10/3/2025 17:00,670.53,27.63,35.51,4.87,0
aurion-002,10/3/2025 18:00,607.7,36.63,37.56,4.41,0
aurion-002,10/3/2025 19:00,547.22,39.76,38.14,3.97,0
aurion-002,10/3/2025 20:00,472.73,34.26,36.44,3.43,0
aurion-002,10/3/2025 21:00,535.68,27.7,37.02,3.89,0
aurion-002,10/3/2025 22:00,647.11,38.03,34.99,4.7,0
aurion-002,10/3/2025 23:00,753.45,33.56,34.43,5.47,0
aurion-002,10/4/2025 0:00,755.44,32.68,36.86,5.48,0
aurion-002,10/4/2025 1:00,671.94,37.05,38.1,4.88,0
aurion-002,10/4/2025 2:00,643.92,34.24,36.14,4.67,0
aurion-002,10/4/2025 3:00,604.68,36.73,35.97,4.39,0
aurion-002,10/4/2025 4:00,618.23,37.33,35.72,4.49,0
aurion-002,10/4/2025 5:00,562.87,38.14,35.11,4.08,0
aurion-002,10/4/2025 6:00,657.34,32.86,37.2,4.77,0
aurion-002,10/4/2025 7:00,576.46,36.61,35.99,4.18,0
aurion-002,10/4/2025 8:00,723.19,28.68,35.32,5.25,0
aurion-002,10/4/2025 9:00,605.81,36.89,36.25,4.4,0
aurion-002,10/4/2025 10:00,710.36,31.84,35.46,5.15,0
aurion-002,10/4/2025 11:00,657.51,38.47,37.95,4.77,0
aurion-002,10/4/2025 12:00,713.91,31.61,34.71,5.18,0
aurion-002,10/4/2025 13:00,665.16,29.76,36.11,4.83,0
aurion-002,10/4/2025 14:00,760.34,37.26,36.13,5.52,0
aurion-002,10/4/2025 15:00,852.08,39.64,35.24,6.18,0
aurion-002,10/4/2025 16:00,623.4,26.64,33.61,4.52,0
aurion-002,10/4/2025 17:00,689.66,34.75,36.75,5,0
aurion-002,10/4/2025 18:00,807.61,44.75,36.03,5.86,0.01
aurion-002,10/4/2025 19:00,767.51,31.34,37.22,5.57,0.01
aurion-002,10/4/2025 20:00,913.71,33.94,37.19,6.63,0.01
aurion-002,10/4/2025 21:00,671.72,36.72,36.99,4.87,0.01
aurion-002,10/4/2025 22:00,709.34,38.19,36.99,5.15,0.01
aurion-002,10/4/2025 23:00,695.99,31.69,35.71,5.05,0.01
aurion-002,10/5/2025 0:00,740.62,44.69,35.73,5.37,0.01
aurion-002,10/5/2025 1:00,756.57,35.36,36.69,5.49,0.01
aurion-002,10/5/2025 2:00,689.01,33.74,37.44,5,0.01
aurion-002,10/5/2025 3:00,853.4,40.41,35.46,6.19,0.01
aurion-002,10/5/2025 4:00,838.81,31.26,35.49,6.09,0.01
aurion-002,10/5/2025 5:00,852.45,33.62,35.77,6.19,0.01
aurion-002,10/5/2025 6:00,1052.87,38.87,35.97,7.64,0.01
aurion-002,10/5/2025 7:00,639.78,33.12,35.8,4.64,0.01
aurion-002,10/5/2025 8:00,749.63,28.02,36.38,5.44,0.01
aurion-002,10/5/2025 9:00,708.86,37.96,35.68,5.14,0.01
aurion-002,10/5/2025 10:00,785.29,29.66,36.8,5.7,0.01
aurion-002,10/5/2025 11:00,939.56,39.76,36.27,6.82,0.01
aurion-002,10/5/2025 12:00,802.23,30.9,36.97,5.82,0.01
aurion-002,10/5/2025 13:00,923.68,32.14,35.63,6.7,0.01
aurion-002,10/5/2025 14:00,811.32,28.62,34.87,5.89,0.01
aurion-002,10/5/2025 15:00,933.62,35.78,35.52,6.78,0.01
aurion-002,10/5/2025 16:00,775.01,46.45,35.76,5.62,0.01
aurion-002,10/5/2025 17:00,858.01,20.75,36.93,6.23,0.01
aurion-002,10/5/2025 18:00,1055.77,39.49,36.87,7.66,0.01
aurion-002,10/5/2025 19:00,965,34.93,33.95,7,0.01
aurion-002,10/5/2025 20:00,921.25,34.02,35.6,6.69,0.01
aurion-002,10/5/2025 21:00,681.15,39.2,35.5,4.94,0.01
aurion-002,10/5/2025 22:00,681.42,44.11,35.21,4.94,0.01
aurion-002,10/5/2025 23:00,990.55,32.69,35.58,7.19,0.01
aurion-002,10/6/2025 0:00,973.74,28.92,39.17,7.07,0.01
aurion-002,10/6/2025 1:00,908.97,37.89,37.88,6.6,0.01
aurion-002,10/6/2025 2:00,999.85,28.37,34.72,7.26,0.01
aurion-002,10/6/2025 3:00,755.14,33.11,36.19,5.48,0.01
aurion-002,10/6/2025 4:00,859.89,33.7,36.56,6.24,0.01
aurion-002,10/6/2025 5:00,986.29,28.6,35.31,7.16,0.01
aurion-002,10/6/2025 6:00,829.57,33.77,35.73,6.02,0.01
aurion-002,10/6/2025 7:00,1047.66,39.72,36.7,7.6,0.01
aurion-002,10/6/2025 8:00,766.96,39.95,34.89,5.57,0.01
aurion-002,10/6/2025 9:00,847.38,34.48,35.79,6.15,0.01
aurion-002,10/6/2025 10:00,883.32,26.48,36.76,6.41,0.01
aurion-002,10/6/2025 11:00,1153.95,44.5,34.73,8.37,0.01
aurion-002,10/6/2025 12:00,993.76,39.23,35.5,7.21,0.01
aurion-002,10/6/2025 13:00,882.43,35.58,37.18,6.4,0.01
aurion-002,10/6/2025 14:00,1123.09,36.28,35.73,8.15,0.01
aurion-002,10/6/2025 15:00,948.09,29.55,38.12,6.88,0.01
aurion-002,10/6/2025 16:00,938.2,36.55,34.93,6.81,0.01
aurion-002,10/6/2025 17:00,1073.16,31.04,36.78,7.79,0.01
aurion-002,10/6/2025 18:00,1171.7,29.24,36.74,8.5,0.01
aurion-002,10/6/2025 19:00,1165.86,34.44,36.81,8.46,0.01
aurion-002,10/6/2025 20:00,1041.09,31.66,34.76,7.56,0.01
aurion-002,10/6/2025 21:00,873.84,35.09,34.99,6.34,0.01
aurion-002,10/6/2025 22:00,1257.07,35.15,36.6,9.12,0.01
aurion-002,10/6/2025 23:00,1010.53,30.11,36.55,7.33,0.01
aurion-002,10/7/2025 0:00,900.72,41.7,37.47,6.54,0.01
aurion-002,10/7/2025 1:00,821.78,25.96,37.77,5.96,0.01
aurion-002,10/7/2025 2:00,961.28,37.33,35.17,6.98,0.01
aurion-002,10/7/2025 3:00,1055.73,34.01,35.85,7.66,0.01
aurion-002,10/7/2025 4:00,949.18,36.5,37.01,6.89,0.01
aurion-002,10/7/2025 5:00,938.75,33.67,34.51,6.81,0.01
aurion-002,10/7/2025 6:00,908.52,35.35,35.74,6.59,0.01
aurion-002,10/7/2025 7:00,876.79,28.73,36.13,6.36,0.01
aurion-002,10/7/2025 8:00,900.6,37.73,36.13,6.54,0.01
aurion-002,10/7/2025 9:00,859.52,49.44,36.21,6.24,0.01
aurion-002,10/7/2025 10:00,1041.68,38.3,36.81,7.56,0.01
aurion-002,10/7/2025 11:00,982.5,35.44,36.81,7.13,0.01
aurion-002,10/7/2025 12:00,1032.03,34.91,37.55,7.49,0.01
aurion-002,10/7/2025 13:00,989.12,41.94,36.6,7.18,0.01
aurion-002,10/7/2025 14:00,948.42,32.92,34.54,6.88,0.01
aurion-002,10/7/2025 15:00,1168.06,30.5,37.5,8.48,0.01
aurion-002,10/7/2025 16:00,984.75,32.22,36.35,7.15,0.01
aurion-002,10/7/2025 17:00,1144.38,29.1,35.04,8.3,0.01
aurion-002,10/7/2025 18:00,928.83,33.33,37.28,6.74,0.01
aurion-002,10/7/2025 19:00,708.58,38.24,36.92,5.14,0.01
aurion-002,10/7/2025 20:00,938.11,21.65,34.13,6.81,0.01
aurion-002,10/7/2025 21:00,1057.24,25.69,37.5,7.67,0.01
aurion-002,10/7/2025 22:00,821.1,41.53,35.42,5.96,0.01
aurion-002,10/7/2025 23:00,928.49,42.7,35.56,6.74,0.02
aurion-002,10/8/2025 0:00,882.29,41.66,36.66,6.4,0.02
aurion-002,10/8/2025 1:00,1051.7,30.85,35.91,7.63,0.02
aurion-002,10/8/2025 2:00,1040.21,33.43,35.41,7.55,0.02
aurion-002,10/8/2025 3:00,895.05,36.03,36.61,6.5,0.02
aurion-002,10/8/2025 4:00,1031.02,36.16,36.7,7.48,0.02
aurion-002,10/8/2025 5:00,945.59,31.36,37.14,6.86,0.02
aurion-002,10/8/2025 6:00,996.7,32.93,35.33,7.23,0.02
aurion-002,10/8/2025 7:00,1080.39,40.03,35.28,7.84,0.02
aurion-002,10/8/2025 8:00,911.69,38.64,37.28,6.62,0.02
aurion-002,10/8/2025 9:00,946.69,40.48,36.21,6.87,0.02
aurion-002,10/8/2025 10:00,1103.98,37.13,35.82,8.01,0.02
aurion-002,10/8/2025 11:00,1151.81,36.76,36.01,8.36,0.02
aurion-002,10/8/2025 12:00,1128.5,34.34,37.28,8.19,0.02
aurion-002,10/8/2025 13:00,834.9,33.65,36.26,6.06,0.02
aurion-002,10/8/2025 14:00,865.08,38.88,37.43,6.28,0.02
aurion-002,10/8/2025 15:00,973.85,24.75,37.62,7.07,0.02
aurion-002,10/8/2025 16:00,840.22,30.84,35.87,6.1,0.02
aurion-002,10/8/2025 17:00,1130.39,29.03,35.38,8.2,0.02
aurion-002,10/8/2025 18:00,1043.38,33.89,35.1,7.57,0.02
aurion-002,10/8/2025 19:00,1069.66,32.39,36.09,7.76,0.02
aurion-002,10/8/2025 20:00,810.74,41.29,37.62,5.88,0.02
aurion-002,10/8/2025 21:00,1037,36.48,33.74,7.53,0.02
aurion-002,10/8/2025 22:00,852.84,32.8,36.02,6.19,0.02
aurion-002,10/8/2025 23:00,657.28,34.89,35.63,4.77,0.02
aurion-002,10/9/2025 0:00,935.36,31.07,35.51,6.79,0.02
aurion-002,10/9/2025 1:00,756.85,40.24,36.08,5.49,0.02
aurion-002,10/9/2025 2:00,798.85,32.1,35.51,5.8,0.02
aurion-002,10/9/2025 3:00,1147.8,34.39,35.78,8.33,0.02
aurion-002,10/9/2025 4:00,941.53,40.53,36.46,6.83,0.02
aurion-002,10/9/2025 5:00,1100.38,39.46,37.42,7.99,0.02
aurion-002,10/9/2025 6:00,1121.59,34.75,36,8.14,0.02
aurion-002,10/9/2025 7:00,1099.07,36.88,35.31,7.98,0.02
aurion-002,10/9/2025 8:00,886.29,36.52,35.79,6.43,0.02
aurion-002,10/9/2025 9:00,1000.97,34.67,34.76,7.26,0.02
aurion-002,10/9/2025 10:00,840.73,33.9,35.47,6.1,0.02
aurion-002,10/9/2025 11:00,994.9,43.45,37.06,7.22,0.02
aurion-002,10/9/2025 12:00,908.15,30.32,36.35,6.59,0.02
aurion-002,10/9/2025 13:00,996.23,35.19,35.05,7.23,0.02
aurion-002,10/9/2025 14:00,1134.92,29.08,35.95,8.24,0.02
aurion-002,10/9/2025 15:00,1008.62,32.5,36.69,7.32,0.02
aurion-002,10/9/2025 16:00,892.23,31.93,34.92,6.47,0.02
aurion-002,10/9/2025 17:00,745.05,45.54,36.01,5.41,0.02
aurion-002,10/9/2025 18:00,955.08,35.96,36.44,6.93,0.02
aurion-002,10/9/2025 19:00,1009.88,35.62,36.39,7.33,0.02
aurion-002,10/9/2025 20:00,950.15,35.7,36.4,6.9,0.02
aurion-002,10/9/2025 21:00,1010.57,32.07,35.94,7.33,0.02
aurion-002,10/9/2025 22:00,883.95,30.65,36.1,6.41,0.02
aurion-002,10/9/2025 23:00,978.72,37.08,34.85,7.1,0.02
aurion-002,10/10/2025 0:00,910.21,31.26,36.94,6.61,0.02
aurion-002,10/10/2025 1:00,855.17,23.26,37.78,6.21,0.02
aurion-002,10/10/2025 2:00,920.31,36.64,36.58,6.68,0.02
aurion-002,10/10/2025 3:00,909.47,35.59,37.1,6.6,0.02
aurion-002,10/10/2025 4:00,852.66,36.39,35.62,6.19,0.02
aurion-002,10/10/2025 5:00,821.52,30.95,37.37,5.96,0.02
aurion-002,10/10/2025 6:00,925.7,37.46,36.98,6.72,0.02
aurion-002,10/10/2025 7:00,975.26,34.11,35.94,7.08,0.02
aurion-002,10/10/2025 8:00,875.31,37.18,35.18,6.35,0.02
aurion-002,10/10/2025 9:00,776.02,29.75,35.19,5.63,0.02
aurion-002,10/10/2025 10:00,819.77,34.68,36.57,5.95,0.02
aurion-002,10/10/2025 11:00,783.88,37.07,35.55,5.69,0.02
aurion-002,10/10/2025 12:00,848.02,38.99,33.85,6.15,0.02
aurion-002,10/10/2025 13:00,780.04,35.98,35.54,5.66,0.02
aurion-002,10/10/2025 14:00,822.16,34.11,36.01,5.97,0.02
aurion-002,10/10/2025 15:00,956.01,30.47,35.91,6.94,0.02
aurion-002,10/10/2025 16:00,858.39,38.38,36.46,6.23,0.02
aurion-002,10/10/2025 17:00,969.34,35.96,36.66,7.03,0.02
aurion-002,10/10/2025 18:00,795.81,33.09,34.63,5.78,0.02
aurion-002,10/10/2025 19:00,806.29,32.04,37.37,5.85,0.02
aurion-002,10/10/2025 20:00,943.71,38.56,35.9,6.85,0.02
aurion-002,10/10/2025 21:00,953.52,25.42,35.56,6.92,0.02
aurion-002,10/10/2025 22:00,802.76,31.1,36.01,5.83,0.02
aurion-002,10/10/2025 23:00,749.76,36.91,35.35,5.44,0.02
aurion-002,10/11/2025 0:00,814,43.75,35.23,5.91,0.02
aurion-002,10/11/2025 1:00,922.15,41.56,36.88,6.69,0.03
aurion-002,10/11/2025 2:00,999.23,40.68,35.09,7.25,0.03
aurion-002,10/11/2025 3:00,809.09,41.84,37.74,5.87,0.03
aurion-002,10/11/2025 4:00,757.31,29.71,35.73,5.5,0.03
aurion-002,10/11/2025 5:00,875.04,41.16,37.21,6.35,0.03
aurion-002,10/11/2025 6:00,908.06,34.79,37.07,6.59,0.03
aurion-002,10/11/2025 7:00,754.2,40.08,35.9,5.47,0.03
aurion-002,10/11/2025 8:00,898.04,29.59,35.7,6.52,0.03
aurion-002,10/11/2025 9:00,780.88,33.59,35.52,5.67,0.03
aurion-002,10/11/2025 10:00,819.89,37.27,36.41,5.95,0.03
aurion-002,10/11/2025 11:00,775.22,31.61,34.92,5.63,0.03
aurion-002,10/11/2025 12:00,746.19,46.58,36.08,5.41,0.03
aurion-002,10/11/2025 13:00,737.73,37.08,36.84,5.35,0.03
aurion-002,10/11/2025 14:00,719.73,28.57,35.24,5.22,0.03
aurion-002,10/11/2025 15:00,853.52,31.44,36.48,6.19,0.03
aurion-002,10/11/2025 16:00,753.07,37.12,35.06,5.46,0.03
aurion-002,10/11/2025 17:00,850.18,34.21,35.94,6.17,0.03
aurion-002,10/11/2025 18:00,924.51,29.92,36.73,6.71,0.03
aurion-002,10/11/2025 19:00,685,40.99,36.33,4.97,0.03
aurion-002,10/11/2025 20:00,791.69,39.01,36.87,5.75,0.03
aurion-002,10/11/2025 21:00,808.81,33.12,36.35,5.87,0.03
aurion-002,10/11/2025 22:00,603.35,32.64,37.45,4.38,0.03
aurion-002,10/11/2025 23:00,686.46,26.62,35.71,4.98,0.03
aurion-002,10/12/2025 0:00,960.01,34.1,37.32,6.97,0.03
aurion-002,10/12/2025 1:00,748.33,22.26,36.05,5.43,0.03
aurion-002,10/12/2025 2:00,790.48,36.36,34.63,5.74,0.03
aurion-002,10/12/2025 3:00,947.04,41.28,37.26,6.87,0.03
aurion-002,10/12/2025 4:00,610.47,35,36.4,4.43,0.03
aurion-002,10/12/2025 5:00,649.06,28.35,35.72,4.71,0.03
aurion-002,10/12/2025 6:00,500.42,39.47,38.19,3.63,0.03
aurion-002,10/12/2025 7:00,535.53,37.99,34.92,3.89,0.03
aurion-002,10/12/2025 8:00,612.47,32.95,35.3,4.44,0.03
aurion-002,10/12/2025 9:00,569.85,34.91,35.04,4.14,0.03
aurion-002,10/12/2025 10:00,796.25,36.73,35.3,5.78,0.03
aurion-002,10/12/2025 11:00,675.99,36.2,36.59,4.91,0.03
aurion-002,10/12/2025 12:00,754.94,25.13,36.96,5.48,0.03
aurion-002,10/12/2025 13:00,566.15,34.23,34.07,4.11,0.03
aurion-002,10/12/2025 14:00,482.45,29.4,37.26,3.5,0.03
aurion-002,10/12/2025 15:00,642.5,28.54,36.05,4.66,0.03
aurion-002,10/12/2025 16:00,649.62,38.61,34.45,4.71,0.03
aurion-002,10/12/2025 17:00,601.45,39.91,35.52,4.36,0.03
aurion-002,10/12/2025 18:00,610.25,38.07,36.22,4.43,0.03
aurion-002,10/12/2025 19:00,533.5,30.51,35.6,3.87,0.03
aurion-002,10/12/2025 20:00,589.42,37.99,36.78,4.28,0.03
aurion-002,10/12/2025 21:00,480.6,30.2,36.11,3.49,0.03
aurion-002,10/12/2025 22:00,605.76,31.13,37.15,4.4,0.03
aurion-002,10/12/2025 23:00,475.1,37.05,38.35,3.45,0.03
aurion-002,10/13/2025 0:00,463.78,32.19,35.96,3.37,0.03
aurion-002,10/13/2025 1:00,554.03,39.91,35.97,4.02,0.03
aurion-002,10/13/2025 2:00,328.34,37.56,35.89,2.38,0.03
aurion-002,10/13/2025 3:00,316.25,43.8,35.72,2.29,0.03
aurion-002,10/13/2025 4:00,552.62,34.13,36.92,4.01,0.03
aurion-002,10/13/2025 5:00,543.94,35.7,36.43,3.95,0.03
aurion-002,10/13/2025 6:00,412.02,40.79,37.09,2.99,0.03
aurion-002,10/13/2025 7:00,388.96,30.97,36.3,2.82,0.03
aurion-002,10/13/2025 8:00,377.96,32.79,35.25,2.74,0.03
aurion-002,10/13/2025 9:00,326.06,31.86,36.81,2.37,0.03
aurion-002,10/13/2025 10:00,566.76,30.45,37.83,4.11,0.03
aurion-002,10/13/2025 11:00,357.43,29.65,35.37,2.59,0.03
aurion-002,10/13/2025 12:00,371.78,35.54,35.96,2.7,0.03
aurion-002,10/13/2025 13:00,443.06,38.81,37.28,3.22,0.03
aurion-002,10/13/2025 14:00,429.98,29.71,35.27,3.12,0.03
aurion-002,10/13/2025 15:00,487.55,31.52,34.65,3.54,0.03
aurion-002,10/13/2025 16:00,430.4,31.44,37.18,3.12,0.03
aurion-002,10/13/2025 17:00,533.99,30.99,36.84,3.88,0.03
aurion-002,10/13/2025 18:00,300.52,30.15,37.16,2.18,0.03
aurion-002,10/13/2025 19:00,335,33.79,37.18,2.43,0.03
aurion-002,10/13/2025 20:00,313.37,37.68,36.86,2.27,0.03
aurion-002,10/13/2025 21:00,266.25,37.1,37.33,1.93,0.03
aurion-002,10/13/2025 22:00,276.43,31.48,35.48,2.01,0.03
aurion-002,10/13/2025 23:00,411.65,36.08,34.73,2.99,0.03
aurion-002,10/14/2025 0:00,283.18,31.31,35.53,2.06,0.03
aurion-002,10/14/2025 1:00,437.72,34.86,37.46,3.18,0.03
aurion-002,10/14/2025 2:00,409.08,36.38,35.72,2.97,0.03
aurion-002,10/14/2025 3:00,243.11,38.41,35.98,1.76,0.03
aurion-002,10/14/2025 4:00,186.3,35.64,34.96,1.35,0.03
aurion-002,10/14/2025 5:00,378.16,34.39,35.84,2.74,0.03
aurion-002,10/14/2025 6:00,375.82,29.9,34.57,2.73,0.03
aurion-002,10/14/2025 7:00,235.79,32.82,35.42,1.71,0.03
aurion-002,10/14/2025 8:00,371.53,35.78,35.38,2.7,0.03
aurion-002,10/14/2025 9:00,146.05,25.2,35,1.06,0.03
aurion-002,10/14/2025 10:00,140.26,32.41,35.79,1.02,0.03
aurion-002,10/14/2025 11:00,333.27,39.1,35.25,2.42,0.03
aurion-002,10/14/2025 12:00,336.87,46.46,35.19,2.44,0.03
aurion-002,10/14/2025 13:00,74.98,28.92,37.38,0.54,0.03
aurion-002,10/14/2025 14:00,220.34,36.54,34.42,1.6,0.03
aurion-002,10/14/2025 15:00,121.99,32.96,36.87,0.89,0.03
aurion-002,10/14/2025 16:00,385.75,32.77,35.58,2.8,0.03
aurion-002,10/14/2025 17:00,149.76,35.31,36.1,1.09,0.03
aurion-002,10/14/2025 18:00,156.18,28.17,37.08,1.13,0.03
aurion-002,10/14/2025 19:00,260.76,33.77,35.72,1.89,0.03
aurion-002,10/14/2025 20:00,203.02,37.59,35.81,1.47,0.03
aurion-002,10/14/2025 21:00,144.9,33.56,37.46,1.05,0.03
aurion-002,10/14/2025 22:00,0,40.58,37.24,0,0.03
aurion-002,10/14/2025 23:00,191.25,34.28,34.84,1.39,0.03
aurion-002,10/15/2025 0:00,216.38,25.7,35.65,1.57,0.03
aurion-002,10/15/2025 1:00,0,22.74,36.7,0,0.03
aurion-002,10/15/2025 2:00,79.88,50.23,35.46,0.58,0.03
aurion-002,10/15/2025 3:00,0,35.72,37.06,0,0.03
aurion-002,10/15/2025 4:00,0,38.67,37.59,0,0.03
aurion-002,10/15/2025 5:00,52.31,34.66,35.37,0.38,0.03
aurion-002,10/15/2025 6:00,103.72,46.1,36.92,0.75,0.03
aurion-002,10/15/2025 7:00,0,38.19,35.18,0,0.03
aurion-002,10/15/2025 8:00,0.11,40.16,37.09,0,0.03
aurion-002,10/15/2025 9:00,15.06,32.7,35.17,0.11,0.03
aurion-002,10/15/2025 10:00,172.27,31.25,34.16,1.25,0.03
aurion-002,10/15/2025 11:00,49.57,33.73,36.32,0.36,0.03
aurion-002,10/15/2025 12:00,0,30.32,35.01,0,0.03
aurion-002,10/15/2025 13:00,0,28.15,36.91,0,0.03
aurion-002,10/15/2025 14:00,159.57,29.95,35.64,1.16,0.03
aurion-002,10/15/2025 15:00,56.46,37.72,34.77,0.41,0.03
aurion-002,10/15/2025 16:00,0,36.02,36.28,0,0.03
aurion-002,10/15/2025 17:00,0,33.84,36.95,0,0.03
aurion-002,10/15/2025 18:00,0,39.5,35.44,0,0.03
aurion-002,10/15/2025 19:00,0,38.25,35.02,0,0.03
aurion-002,10/15/2025 20:00,0,28.59,36.97,0,0.03
aurion-002,10/15/2025 21:00,0,30.87,36.39,0,0.03
aurion-002,10/15/2025 22:00,0,42.6,37.27,0,0.03
aurion-002,10/15/2025 23:00,87.05,43.24,35.21,0.63,0.03
aurion-002,10/16/2025 0:00,0,41.85,36.09,0,0.03
aurion-002,10/16/2025 1:00,0,32.96,37.76,0,0.03
aurion-002,10/16/2025 2:00,0,33.66,35.71,0,0.03
aurion-002,10/16/2025 3:00,0,35.15,35.93,0,0.03
aurion-002,10/16/2025 4:00,0,37.24,36.26,0,0.03
aurion-002,10/16/2025 5:00,0,39.81,34.08,0,0.03
aurion-002,10/16/2025 6:00,0,38.4,35.19,0,0.03
aurion-002,10/16/2025 7:00,0,33.52,35.18,0,0.03
aurion-002,10/16/2025 8:00,0,40.08,34.71,0,0.03
aurion-002,10/16/2025 9:00,0,37.82,35.84,0,0.03
aurion-002,10/16/2025 10:00,0,40.12,35.1,0,0.03
aurion-002,10/16/2025 11:00,0,30.19,35.12,0,0.03
aurion-002,10/16/2025 12:00,0,35.98,36.43,0,0.03
aurion-002,10/16/2025 13:00,0,36.74,35.96,0,0.03
aurion-002,10/16/2025 14:00,0,31.14,34.43,0,0.03
aurion-002,10/16/2025 15:00,0,29.81,36.16,0,0.03
aurion-002,10/16/2025 16:00,0,33.23,35.08,0,0.03
aurion-002,10/16/2025 17:00,0,41.07,36.19,0,0.03
aurion-002,10/16/2025 18:00,0,35.52,34.3,0,0.03
aurion-002,10/16/2025 19:00,0,29.32,36.25,0,0.03
aurion-002,10/16/2025 20:00,0,30.43,34.27,0,0.03
aurion-002,10/16/2025 21:00,0,37.17,35.86,0,0.03
aurion-002,10/16/2025 22:00,0,39.14,36.73,0,0.03
aurion-002,10/16/2025 23:00,0,27.44,35.62,0,0.03
aurion-002,10/17/2025 0:00,0,34.36,35.69,0,0.03
aurion-002,10/17/2025 1:00,0,42.57,38.07,0,0.03
aurion-002,10/17/2025 2:00,0,39.97,35.13,0,0.03
aurion-002,10/17/2025 3:00,0,31.88,35.39,0,0.03
aurion-002,10/17/2025 4:00,0,39.38,36.68,0,0.03
aurion-002,10/17/2025 5:00,0,44.37,37.25,0,0.03
aurion-002,10/17/2025 6:00,0,36.71,36.22,0,0.03
aurion-002,10/17/2025 7:00,0,30.75,37.04,0,0.03
aurion-002,10/17/2025 8:00,0,28.69,36.9,0,0.03
aurion-002,10/17/2025 9:00,0,38.67,34.93,0,0.03
aurion-002,10/17/2025 10:00,0,35.32,36.56,0,0.03
aurion-002,10/17/2025 11:00,0,28.44,34.95,0,0.03
aurion-002,10/17/2025 12:00,0,29.62,34.49,0,0.03
aurion-002,10/17/2025 13:00,0,34.54,35.96,0,0.03
aurion-002,10/17/2025 14:00,0,43.75,35.69,0,0.03
aurion-002,10/17/2025 15:00,0,44.41,34.29,0,0.03
aurion-002,10/17/2025 16:00,0,38.66,34.96,0,0.03
aurion-002,10/17/2025 17:00,0,42.42,35.11,0,0.03
aurion-002,10/17/2025 18:00,0,28,35.89,0,0.03
aurion-002,10/17/2025 19:00,0,38.49,34.88,0,0.03
aurion-002,10/17/2025 20:00,0,32.24,34.86,0,0.03
aurion-002,10/17/2025 21:00,0,37.98,34.66,0,0.03
aurion-002,10/17/2025 22:00,0,32.44,34.56,0,0.03
aurion-002,10/17/2025 23:00,0,28.3,35.31,0,0.03
aurion-002,10/18/2025 0:00,0,38.48,35.81,0,0.03
aurion-002,10/18/2025 1:00,0,40.75,35.87,0,0.03
aurion-002,10/18/2025 2:00,0,38,36.84,0,0.03
aurion-002,10/18/2025 3:00,0,27.74,36.26,0,0.03
aurion-002,10/18/2025 4:00,0,33.34,36.19,0,0.03
aurion-002,10/18/2025 5:00,0,34.86,37.06,0,0.03
aurion-002,10/18/2025 6:00,0,23.55,36.98,0,0.03
aurion-002,10/18/2025 7:00,0,37.01,35.91,0,0.03
aurion-002,10/18/2025 8:00,0,27.73,35.08,0,0.03
aurion-002,10/18/2025 9:00,0,37.82,35.16,0,0.03
aurion-002,10/18/2025 10:00,0,29.92,36.22,0,0.03
aurion-002,10/18/2025 11:00,0,25.95,34.4,0,0.03
aurion-002,10/18/2025 12:00,0,39,35.53,0,0.03
aurion-002,10/18/2025 13:00,0,24.5,35.18,0,0.03
aurion-002,10/18/2025 14:00,0,32,35.18,0,0.03
aurion-002,10/18/2025 15:00,0,37.78,35.98,0,0.03
aurion-002,10/18/2025 16:00,0,30.58,36.19,0,0.03
aurion-002,10/18/2025 17:00,0,37.13,36.17,0,0.03
aurion-002,10/18/2025 18:00,0,32.46,37.25,0,0.03
aurion-002,10/18/2025 19:00,0,40.63,37.1,0,0.03
aurion-002,10/18/2025 20:00,0,24.42,36.5,0,0.03
aurion-002,10/18/2025 21:00,0,37.8,35.63,0,0.03
aurion-002,10/18/2025 22:00,0,36.36,34.83,0,0.03
aurion-002,10/18/2025 23:00,0,30.78,35.42,0,0.03
aurion-002,10/19/2025 0:00,0,35.83,36.65,0,0.03
aurion-002,10/19/2025 1:00,0,39.46,37.04,0,0.03
aurion-002,10/19/2025 2:00,0,33.69,35.37,0,0.03
aurion-002,10/19/2025 3:00,0,30.21,35.34,0,0.03
aurion-002,10/19/2025 4:00,0,33.94,36.64,0,0.03
aurion-002,10/19/2025 5:00,0,33.11,35.22,0,0.03
aurion-002,10/19/2025 6:00,0,38.52,36.18,0,0.03
aurion-002,10/19/2025 7:00,0,30.17,35.34,0,0.03
aurion-002,10/19/2025 8:00,0,46.91,38.71,0,0.03
aurion-002,10/19/2025 9:00,0,26.59,33.83,0,0.03
aurion-002,10/19/2025 10:00,0,30.57,35.57,0,0.03
aurion-002,10/19/2025 11:00,0,30.96,35.23,0,0.03
aurion-002,10/19/2025 12:00,0,33.02,33.72,0,0.03
aurion-002,10/19/2025 13:00,0,30.89,32.73,0,0.03
aurion-002,10/19/2025 14:00,0,37.86,36.52,0,0.03
aurion-002,10/19/2025 15:00,0,33.15,36.13,0,0.03
aurion-002,10/19/2025 16:00,0,39.39,35.66,0,0.03
aurion-002,10/19/2025 17:00,0,30.74,35.82,0,0.03
aurion-002,10/19/2025 18:00,0,33.99,36.49,0,0.03
aurion-002,10/19/2025 19:00,0,38.97,35.97,0,0.03
aurion-002,10/19/2025 20:00,0,37.37,37.29,0,0.03
aurion-002,10/19/2025 21:00,0,23.33,35.81,0,0.03
aurion-002,10/19/2025 22:00,0,35.48,37.62,0,0.03
aurion-002,10/19/2025 23:00,0,29.42,35.08,0,0.03
aurion-002,10/20/2025 0:00,0,35.74,35.55,0,0.03
aurion-002,10/20/2025 1:00,0,31.94,34.69,0,0.03
aurion-002,10/20/2025 2:00,0,32.5,36.07,0,0.03
aurion-002,10/20/2025 3:00,0,27.31,34.26,0,0.03
aurion-002,10/20/2025 4:00,0,40.65,35.71,0,0.03
aurion-002,10/20/2025 5:00,0,39.79,36.7,0,0.03
aurion-002,10/20/2025 6:00,0,38.58,35.3,0,0.03
aurion-002,10/20/2025 7:00,0,43.06,35.83,0,0.03
aurion-002,10/20/2025 8:00,0,32.96,36.49,0,0.03
aurion-002,10/20/2025 9:00,0,31.17,34.65,0,0.03
aurion-002,10/20/2025 10:00,0,25.94,35.74,0,0.03
aurion-002,10/20/2025 11:00,0,35.47,35.49,0,0.03
aurion-002,10/20/2025 12:00,0,38.33,35.99,0,0.03
aurion-002,10/20/2025 13:00,0,42.21,36.87,0,0.03
aurion-002,10/20/2025 14:00,0,46.54,35.87,0,0.03
aurion-002,10/20/2025 15:00,0,34.28,34.07,0,0.03
aurion-002,10/20/2025 16:00,0,30.3,36.78,0,0.03
aurion-002,10/20/2025 17:00,0,31.16,35.22,0,0.03
aurion-002,10/20/2025 18:00,0,40.18,36.45,0,0.03
aurion-002,10/20/2025 19:00,0,32.06,36.99,0,0.03
aurion-002,10/20/2025 20:00,0,40.76,35.98,0,0.03
aurion-002,10/20/2025 21:00,0,26.87,35.07,0,0.03
aurion-002,10/20/2025 22:00,0,27.57,36.83,0,0.03
aurion-002,10/20/2025 23:00,0,40.94,38.36,0,0.03
aurion-002,10/21/2025 0:00,0,40.55,36.67,0,0.03
aurion-002,10/21/2025 1:00,0,38.96,37.22,0,0.03
aurion-002,10/21/2025 2:00,0,38.04,34.96,0,0.03
aurion-002,10/21/2025 3:00,0,31.94,35.54,0,0.03
aurion-002,10/21/2025 4:00,0,41.97,37.11,0,0.03
aurion-002,10/21/2025 5:00,0,42.93,36.56,0,0.03
aurion-002,10/21/2025 6:00,0,40.81,35.04,0,0.03
aurion-002,10/21/2025 7:00,0,36.05,35.67,0,0.03
aurion-002,10/21/2025 8:00,0,30.98,35.96,0,0.03
aurion-002,10/21/2025 9:00,0,39.44,35.51,0,0.03
aurion-002,10/21/2025 10:00,0,45.31,37.45,0,0.03
aurion-002,10/21/2025 11:00,0,38.6,36.73,0,0.03
aurion-002,10/21/2025 12:00,0,33.01,37.2,0,0.03
aurion-002,10/21/2025 13:00,0,33.56,37.12,0,0.03
aurion-002,10/21/2025 14:00,0,46.54,36.85,0,0.03
aurion-002,10/21/2025 15:00,0,33.45,37.06,0,0.03
aurion-002,10/21/2025 16:00,0,34.01,36.99,0,0.03
aurion-002,10/21/2025 17:00,0,37.22,35.64,0,0.03
aurion-002,10/21/2025 18:00,0,32.69,36.82,0,0.03
aurion-002,10/21/2025 19:00,0,32.11,35.41,0,0.03
aurion-002,10/21/2025 20:00,0,35.97,33.42,0,0.03
aurion-002,10/21/2025 21:00,0,36.16,36.52,0,0.03
aurion-002,10/21/2025 22:00,0,33.54,34.88,0,0.03
aurion-002,10/21/2025 23:00,0,36.67,36.95,0,0.03
aurion-002,10/22/2025 0:00,0,38.33,36.46,0,0.03
aurion-002,10/22/2025 1:00,0,31.59,36.25,0,0.03
aurion-002,10/22/2025 2:00,0,28.15,34.93,0,0.03
aurion-002,10/22/2025 3:00,0,39.67,36.05,0,0.03
aurion-002,10/22/2025 4:00,0,41.44,35.8,0,0.03
aurion-002,10/22/2025 5:00,0,36.63,36.4,0,0.03
aurion-002,10/22/2025 6:00,0,31.39,34.44,0,0.03
aurion-002,10/22/2025 7:00,0,28.24,35.8,0,0.03
aurion-002,10/22/2025 8:00,0,28.27,35.18,0,0.03
aurion-002,10/22/2025 9:00,0,38.21,36.31,0,0.03
aurion-002,10/22/2025 10:00,0,39.32,36.36,0,0.03
aurion-002,10/22/2025 11:00,0,28.29,35.72,0,0.03
aurion-002,10/22/2025 12:00,0,32.69,36.21,0,0.03
aurion-002,10/22/2025 13:00,0,30.83,36.36,0,0.03
aurion-002,10/22/2025 14:00,0,33.19,36.77,0,0.03
aurion-002,10/22/2025 15:00,0,23.47,36.31,0,0.03
aurion-002,10/22/2025 16:00,0,42.49,35.18,0,0.03
aurion-002,10/22/2025 17:00,0,31.25,37.25,0,0.03
aurion-002,10/22/2025 18:00,0,27.65,34.57,0,0.03
aurion-002,10/22/2025 19:00,0,35.49,38.08,0,0.03
aurion-002,10/22/2025 20:00,0,37.94,35.93,0,0.03
aurion-002,10/22/2025 21:00,0,36.34,36.9,0,0.03
aurion-002,10/22/2025 22:00,0,34.54,34.94,0,0.03
aurion-002,10/22/2025 23:00,0,31.49,35.9,0,0.03
aurion-002,10/23/2025 0:00,0,45.06,35.53,0,0.03
aurion-002,10/23/2025 1:00,0,40.74,35.02,0,0.03
aurion-002,10/23/2025 2:00,0,35.83,37.23,0,0.03
aurion-002,10/23/2025 3:00,0,35.07,36.64,0,0.03
aurion-002,10/23/2025 4:00,0,37.33,37.82,0,0.03
aurion-002,10/23/2025 5:00,0,35.99,36.31,0,0.03
aurion-002,10/23/2025 6:00,0,32.51,38.06,0,0.03
aurion-002,10/23/2025 7:00,0,40.61,35.4,0,0.03
aurion-002,10/23/2025 8:00,0,34.62,37.53,0,0.03
aurion-002,10/23/2025 9:00,0,37.89,35.26,0,0.03
aurion-002,10/23/2025 10:00,0,39.24,36.43,0,0.03
aurion-002,10/23/2025 11:00,0,36.13,36.5,0,0.03
aurion-002,10/23/2025 12:00,0,31,34.49,0,0.03
aurion-002,10/23/2025 13:00,0,32.42,37.65,0,0.03
aurion-002,10/23/2025 14:00,0,36.49,37.47,0,0.03
aurion-002,10/23/2025 15:00,0,32.21,37.05,0,0.03
aurion-002,10/23/2025 16:00,0,41.83,37.15,0,0.03
aurion-002,10/23/2025 17:00,0,32.31,35.3,0,0.03
aurion-002,10/23/2025 18:00,0,33.3,35.26,0,0.03
aurion-002,10/23/2025 19:00,0,37.79,37.37,0,0.03
aurion-002,10/23/2025 20:00,0,37.03,35.56,0,0.03
aurion-002,10/23/2025 21:00,0,37.39,34.72,0,0.03
aurion-002,10/23/2025 22:00,0,28.16,36.67,0,0.03
aurion-002,10/23/2025 23:00,0,43.57,35.53,0,0.03
aurion-002,10/24/2025 0:00,0,29.34,34.88,0,0.03
aurion-002,10/24/2025 1:00,0,36.93,35.45,0,0.03
aurion-002,10/24/2025 2:00,0,34.39,34.75,0,0.03
aurion-002,10/24/2025 3:00,0,23.97,36.43,0,0.03
aurion-002,10/24/2025 4:00,0,27.48,34.3,0,0.03
aurion-002,10/24/2025 5:00,0,43.82,36.44,0,0.03
aurion-002,10/24/2025 6:00,0,36.76,33.39,0,0.03
aurion-002,10/24/2025 7:00,0,35.05,36.22,0,0.03
aurion-002,10/24/2025 8:00,0,29.14,37.1,0,0.03
aurion-002,10/24/2025 9:00,0,38.16,37.55,0,0.03
aurion-002,10/24/2025 10:00,0,36.51,35.04,0,0.03
aurion-002,10/24/2025 11:00,0,32.03,35.12,0,0.03
aurion-002,10/24/2025 12:00,0,38.42,35.72,0,0.03
aurion-002,10/24/2025 13:00,0,28.51,36.55,0,0.03
aurion-002,10/24/2025 14:00,0,32.59,36.62,0,0.03
aurion-002,10/24/2025 15:00,0,33.2,35.13,0,0.03
aurion-002,10/24/2025 16:00,0,38.3,36.49,0,0.03
aurion-002,10/24/2025 17:00,0,44.6,34.91,0,0.03
aurion-002,10/24/2025 18:00,0,32.13,35.49,0,0.03
aurion-002,10/24/2025 19:00,0,36.42,36.45,0,0.03
aurion-002,10/24/2025 20:00,0,26.39,37.73,0,0.03
aurion-002,10/24/2025 21:00,0,29.68,37.15,0,0.03
aurion-002,10/24/2025 22:00,0,25.7,35.95,0,0.03
aurion-002,10/24/2025 23:00,0,33.46,36.07,0,0.03
aurion-002,10/25/2025 0:00,0,40.28,37.09,0,0.03
aurion-002,10/25/2025 1:00,0,41.32,37.44,0,0.03
aurion-002,10/25/2025 2:00,0,36.98,36.41,0,0.03
aurion-002,10/25/2025 3:00,0,40.14,38.04,0,0.03
aurion-002,10/25/2025 4:00,0,39.94,36.02,0,0.03
aurion-002,10/25/2025 5:00,0,27.84,35.86,0,0.03
aurion-002,10/25/2025 6:00,0,36.45,36.03,0,0.03
aurion-002,10/25/2025 7:00,0,28.84,37.63,0,0.03
aurion-002,10/25/2025 8:00,0,41.24,37.91,0,0.03
aurion-002,10/25/2025 9:00,0,38.6,34.9,0,0.03
aurion-002,10/25/2025 10:00,0,44.09,35.63,0,0.03
aurion-002,10/25/2025 11:00,0,43.45,35.91,0,0.03
aurion-002,10/25/2025 12:00,0,35.3,35.89,0,0.03
aurion-002,10/25/2025 13:00,0,41.75,36.17,0,0.03
aurion-002,10/25/2025 14:00,0,38.03,34.56,0,0.03
aurion-002,10/25/2025 15:00,0,24.39,37.59,0,0.03
aurion-002,10/25/2025 16:00,0,36.12,35.22,0,0.03
aurion-002,10/25/2025 17:00,0,27.2,36.07,0,0.03
aurion-002,10/25/2025 18:00,0,29.67,36.74,0,0.03
aurion-002,10/25/2025 19:00,0,39.92,33.88,0,0.03
aurion-002,10/25/2025 20:00,0,33.2,34.42,0,0.03
aurion-002,10/25/2025 21:00,0,27.72,36.53,0,0.03
aurion-002,10/25/2025 22:00,0,32.38,35.13,0,0.03
aurion-002,10/25/2025 23:00,0,41.12,36.15,0,0.03
aurion-002,10/26/2025 0:00,0,29.02,37.59,0,0.03
aurion-002,10/26/2025 1:00,0,47.1,37,0,0.03
aurion-002,10/26/2025 2:00,0,35.68,36.15,0,0.03
aurion-002,10/26/2025 3:00,0,35.53,37.33,0,0.03
aurion-002,10/26/2025 4:00,0,32.89,36.38,0,0.03
aurion-002,10/26/2025 5:00,0,42.96,37.75,0,0.03
aurion-002,10/26/2025 6:00,0,32.37,34.59,0,0.03
aurion-002,10/26/2025 7:00,0,35.21,36.38,0,0.03
aurion-002,10/26/2025 8:00,0,34.31,36.13,0,0.03
aurion-002,10/26/2025 9:00,0,26.78,35.88,0,0.03
aurion-002,10/26/2025 10:00,0,42.19,38.04,0,0.03
aurion-002,10/26/2025 11:00,0,35.77,35.09,0,0.03
aurion-002,10/26/2025 12:00,0,44.91,36.57,0,0.03
aurion-002,10/26/2025 13:00,0,34.25,36.72,0,0.03
aurion-002,10/26/2025 14:00,0,41.16,36.86,0,0.03
aurion-002,10/26/2025 15:00,0,35.2,36.37,0,0.03
aurion-002,10/26/2025 16:00,0,32.15,35.46,0,0.03
aurion-002,10/26/2025 17:00,0,33.61,35.94,0,0.03
aurion-002,10/26/2025 18:00,0,30.67,34.62,0,0.03
aurion-002,10/26/2025 19:00,0,37.41,36.03,0,0.03
aurion-002,10/26/2025 20:00,0,30.01,35.46,0,0.03
aurion-002,10/26/2025 21:00,0,37.92,35.74,0,0.03
aurion-002,10/26/2025 22:00,0,26.13,35.95,0,0.03
aurion-002,10/26/2025 23:00,0,33.34,36.88,0,0.03
aurion-002,10/27/2025 0:00,0,37.07,34.9,0,0.03
aurion-002,10/27/2025 1:00,0,35.21,35.93,0,0.03
aurion-002,10/27/2025 2:00,0,36.09,36.22,0,0.03
aurion-002,10/27/2025 3:00,0,35.63,35.8,0,0.03
aurion-002,10/27/2025 4:00,0,37.5,36.13,0,0.03
aurion-002,10/27/2025 5:00,0,38.01,35.7,0,0.03
aurion-002,10/27/2025 6:00,0,24.05,35.59,0,0.03
aurion-002,10/27/2025 7:00,0,38.51,37.58,0,0.03
aurion-002,10/27/2025 8:00,0,29.46,34.41,0,0.03
aurion-002,10/27/2025 9:00,0,31.26,35.41,0,0.03
aurion-002,10/27/2025 10:00,0,26.5,37.1,0,0.03
aurion-002,10/27/2025 11:00,0,39.03,37.92,0,0.03
aurion-002,10/27/2025 12:00,0,31.77,36.6,0,0.03
aurion-002,10/27/2025 13:00,0,30.84,36.82,0,0.03
aurion-002,10/27/2025 14:00,0,36.71,36.58,0,0.03
aurion-002,10/27/2025 15:00,0,41.66,35.38,0,0.03
aurion-002,10/27/2025 16:00,0,43.69,34.43,0,0.03
aurion-002,10/27/2025 17:00,0,35.45,35.84,0,0.03
aurion-002,10/27/2025 18:00,0,40.09,35.89,0,0.03
aurion-002,10/27/2025 19:00,0,38.54,36.17,0,0.03
aurion-002,10/27/2025 20:00,0,33.82,37.5,0,0.03
aurion-002,10/27/2025 21:00,0,33.5,35.37,0,0.03
aurion-002,10/27/2025 22:00,0,30.49,36.7,0,0.03
aurion-002,10/27/2025 23:00,0,31.92,35.83,0,0.03
aurion-002,10/28/2025 0:00,0,31.61,37.57,0,0.03
aurion-002,10/28/2025 1:00,0,37.2,36,0,0.03
aurion-002,10/28/2025 2:00,0,38.46,35.87,0,0.03
aurion-002,10/28/2025 3:00,0,35.66,36.34,0,0.03
aurion-002,10/28/2025 4:00,0,41.99,35.12,0,0.03
aurion-002,10/28/2025 5:00,0,35.04,37.12,0,0.03
aurion-002,10/28/2025 6:00,0,33.18,37.3,0,0.03
aurion-002,10/28/2025 7:00,0,35.67,35.6,0,0.03
aurion-002,10/28/2025 8:00,0,28.06,35.06,0,0.03
aurion-002,10/28/2025 9:00,0,41.26,36.8,0,0.03
aurion-002,10/28/2025 10:00,0,40.89,35.49,0,0.03
aurion-002,10/28/2025 11:00,0,39.74,36.91,0,0.03
aurion-002,10/28/2025 12:00,0,39.85,35.82,0,0.03
aurion-002,10/28/2025 13:00,0,25.76,33.59,0,0.03
aurion-002,10/28/2025 14:00,0,32.51,35.35,0,0.03
aurion-002,10/28/2025 15:00,0,34.32,35.31,0,0.03
aurion-002,10/28/2025 16:00,0,39.17,36.52,0,0.03
aurion-002,10/28/2025 17:00,0,36.27,36.23,0,0.03
aurion-002,10/28/2025 18:00,0,30.53,37.05,0,0.03
aurion-002,10/28/2025 19:00,0,33.45,35.96,0,0.03
aurion-002,10/28/2025 20:00,0,20.82,36.44,0,0.03
aurion-002,10/28/2025 21:00,0,38.87,38.9,0,0.03
aurion-002,10/28/2025 22:00,0,34.32,35.24,0,0.03
aurion-002,10/28/2025 23:00,0,37.18,35.63,0,0.03
aurion-002,10/29/2025 0:00,0,37.74,37.19,0,0.03
aurion-002,10/29/2025 1:00,0,38.96,33.48,0,0.03
aurion-002,10/29/2025 2:00,0,35.28,38.22,0,0.03
aurion-002,10/29/2025 3:00,0,30.52,33.59,0,0.03
aurion-002,10/29/2025 4:00,0,32.03,34.69,0,0.03
aurion-002,10/29/2025 5:00,0,28.85,37.69,0,0.03
aurion-002,10/29/2025 6:00,0,31.9,34.7,0,0.03
aurion-002,10/29/2025 7:00,0,43.88,36.14,0,0.03
aurion-002,10/29/2025 8:00,0,45.54,35.56,0,0.03
aurion-002,10/29/2025 9:00,0,32.4,36.27,0,0.03
aurion-002,10/29/2025 10:00,0,31.53,35.58,0,0.03
aurion-002,10/29/2025 11:00,0,33.12,35,0,0.03
aurion-002,10/29/2025 12:00,0,31.38,36.6,0,0.03
aurion-002,10/29/2025 13:00,0,24.53,36.5,0,0.03
aurion-002,10/29/2025 14:00,6.7,41.35,35.54,0.05,0.03
aurion-002,10/29/2025 15:00,0,41.35,35.21,0,0.03
aurion-002,10/29/2025 16:00,0,31.92,35.41,0,0.03
aurion-002,10/29/2025 17:00,0,36.84,35.09,0,0.03
aurion-002,10/29/2025 18:00,0,30.05,36.25,0,0.03
aurion-002,10/29/2025 19:00,0,34.72,35.45,0,0.03
aurion-002,10/29/2025 20:00,0,34.01,35.09,0,0.03
aurion-002,10/29/2025 21:00,115.84,27.12,35.7,0.84,0.03
aurion-002,10/29/2025 22:00,0,37.36,37.09,0,0.03
aurion-002,10/29/2025 23:00,77.47,27.92,36.96,0.56,0.03
aurion-002,10/30/2025 0:00,0,41.56,35.79,0,0.03
